新学期序号,课程代码,课程名称,课程教师,平均分均值,最高分均值,最低分均值,预测人数均值,实际人数均值,90-100比例均值,80-89.9比例均值,70-79.9比例均值,60-69.9比例均值,0-59.9比例均值
0004	,b0002002,日语绘本阅读,朱浩昱,85.93,95.75,35.5,29.75,29.5,49.0%,45.32%,0.8%,1.85%,2.97%
0018	,b0021037,摄影技巧与图像处理,毕烨,84.65,95.75,63.75,59.25,57.75,41.18%,43.38%,12.75%,2.7%,0.0%
0022	,b0021054,实用心理学,朱小麟,85.55,94.5,42.5,63.5,62.5,47.85%,35.8%,12.9%,2.85%,0.6%
1633	,g2062183,咖啡服务管理,外教酒,95.1,96.0,81.0,38.0,38.0,94.7%,5.3%,0.0%,0.0%,0.0%
0081	,b0022102,日本动漫艺术概论,左文海,83.16,99.6,28.4,74.4,73.2,50.26%,25.26%,11.94%,8.86%,3.74%
0505	,b4012109,智能统计学技术课程实习,王彤,82.15,92.5,64.5,25.5,25.5,39.3%,14.3%,34.2%,2.05%,10.2%
0337	,b2041099,设计构成(A),王斯华,77.93,86.75,66.75,17.5,17.0,6.25%,49.1%,22.95%,21.7%,0.0%
0050	,b0021123,PPT设计与演示艺术,杨亮涛,83.3,95.0,67.0,45.0,44.0,20.5%,38.6%,40.9%,0.0%,0.0%
0986	,b1090001,基础工程训练,吴飞科,84.84,91.6,54.8,32.4,32.2,41.66%,46.5%,9.08%,1.72%,1.06%
0053	,b0021126,智能时代人机交互技术应用,李铁柱,89.2,98.0,80.0,44.0,43.0,79.1%,20.9%,0.0%,0.0%,0.0%
0310	,b2041054,动态速写,严波,84.9,95.0,75.0,20.5,20.5,19.5%,60.7%,19.75%,0.0%,0.0%
0321	,b2041072,建筑模型制作,姚,81.3,90.0,63.0,22.5,22.5,6.55%,59.55%,27.4%,6.55%,0.0%
0397	,b2041116,摄影基础,戴芳,81.8,90.0,74.0,21.0,21.0,9.5%,54.8%,35.7%,0.0%,0.0%
1173	,b1090001,基础工程训练,陈冠玲,85.15,92.5,64.83,36.17,35.83,45.9%,40.87%,8.8%,2.27%,2.18%
1084	,b2012026,电子测量与检测,顾阳,68.97,78.33,56.33,22.33,20.33,0.0%,7.57%,26.8%,55.63%,9.97%
0302	,b2041034,产品设计（A）,沈杰,72.0,72.0,72.0,1.0,1.0,0.0%,0.0%,100.0%,0.0%,0.0%
0238	,b2011001,CAD/CAM,沈歆迪,63.74,90.2,33.4,28.0,27.4,4.34%,3.78%,24.48%,13.9%,53.5%
0283	,b1020044,翻译理论与实践,罗玲,85.0,91.33,73.0,47.33,46.33,11.37%,74.6%,11.07%,2.23%,0.73%
1840	,b2030239,市场调查与分析,杨昀,85.4,95.0,67.0,21.0,21.0,23.8%,52.4%,14.3%,9.5%,0.0%
0003	,b0002001,日本影视文学欣赏,鲁峥,83.05,96.5,49.25,77.75,75.5,26.48%,49.15%,17.7%,4.53%,2.2%
0005	,b0021002,居室环境,周玉林,84.8,90.75,63.0,84.75,83.25,11.38%,77.85%,8.12%,2.65%,0.0%
0007	,b0021008,趣味化学实验,管传金,85.9,93.25,74.25,41.25,39.75,26.83%,59.73%,12.25%,1.2%,0.0%
0008	,b0021009,环境与能源,徐敏,81.6,94.0,0.0,65.25,65.25,18.0%,66.75%,10.28%,0.95%,3.97%
0009	,b0021010,健康养生与生活环境,高桂兰,80.83,94.25,64.0,79.0,76.5,9.4%,50.5%,31.0%,9.1%,0.0%
0011	,b0021016,计算机辅助设计（Auto CAD中级）,陈冠玲,86.13,96.0,73.0,57.0,56.33,27.4%,64.37%,7.07%,1.2%,0.0%
0241	,b1020066,大学物理C,大学物理组,60.5,78.0,0.0,13.0,13.0,0.0%,0.0%,61.5%,23.1%,15.4%
0013	,b0021023,天体演化,王玉,85.98,96.25,61.25,81.0,79.0,43.75%,46.42%,6.6%,3.17%,0.0%
0014	,b0021024,用Maple软件学大学数学,吴珞,82.15,98.0,40.5,22.0,21.5,27.3%,21.75%,20.5%,13.1%,17.35%
0015	,b0021026,博弈论基础,桂胜华,88.67,99.33,56.0,79.0,75.33,43.6%,30.3%,10.67%,8.43%,6.97%
0020	,b0021049,化妆品化学,赵雪伶,84.97,93.33,75.33,83.33,82.33,12.2%,70.47%,17.3%,0.0%,0.0%
0023	,b0021060,化学与人类文明#,王继芬,89.13,99.33,49.67,92.33,92.33,51.37%,30.0%,17.93%,0.4%,0.3%
0025	,b0021066,科学技术史,王胜利,87.2,96.5,60.0,65.0,65.0,36.83%,38.23%,20.18%,4.48%,0.33%
0027	,b0021079,心理学与自我成长,吴海燕,83.6,95.5,60.5,77.5,77.0,30.7%,46.05%,19.9%,3.35%,0.0%
0426	,b2090001,电工与电子学,尹丽华,68.5,93.0,44.0,50.0,50.0,6.0%,6.0%,10.0%,16.0%,62.0%
0432	,b2090006,电路分析基础,杭娟,69.86,95.6,43.2,60.4,59.2,2.3%,6.76%,15.94%,23.88%,51.08%
0033	,b0021096,数控加工中心(高级),李蓓华,88.3,97.5,72.0,18.0,18.0,56.9%,35.6%,5.0%,2.5%,0.0%
0034	,b0021099,经典计算机综合技能攻略与实践,杨兆赞,81.75,91.0,70.5,34.5,33.0,15.05%,45.15%,39.85%,0.0%,0.0%
0685	,b4040003,视觉传达设计专业毕业实习与毕业设计（论文）,田华,79.8,93.0,67.0,24.0,24.0,8.3%,37.5%,50.0%,4.2%,0.0%
0535	,b1100007,形势与政策（模块2）,陈敏俐,83.3,92.46,60.85,78.92,77.23,13.22%,73.25%,12.25%,0.94%,0.37%
0037	,b0021102,文史哲与艺术中的数学#,范静,88.2,99.0,6.0,85.0,85.0,58.15%,28.85%,8.1%,1.25%,3.65%
0039	,b0021104,企业EHS风险管理基础#,乔炜,81.2,98.0,53.0,50.0,48.0,35.4%,62.5%,2.1%,0.0%,0.0%
0684	,b4040002,环境设计专业毕业实习与毕业设计（论文）,姚,79.9,92.0,62.0,23.0,23.0,8.7%,47.8%,39.1%,4.3%,0.0%
0041	,b0021106,VR虚拟现实的新世界,吕翰林,85.6,98.5,30.0,28.0,28.0,59.95%,16.0%,8.0%,12.05%,4.0%
0059	,b0022002,企业战略管理,肖智润,84.4,92.25,51.25,34.0,33.25,28.2%,60.75%,9.22%,0.53%,1.27%
0060	,b0022004,围棋,陈忠义,83.3,94.0,69.5,64.5,63.0,45.52%,29.28%,15.2%,6.0%,4.0%
0062	,b0022008,管理学,陶仁泉,80.98,90.0,74.0,38.75,37.0,8.68%,76.3%,15.03%,0.0%,0.0%
0063	,b0022009,诗经爱情诗十二讲#,戴从喜,86.27,97.5,65.25,71.5,70.25,52.3%,31.43%,12.3%,3.4%,0.62%
0064	,b0022013,中华诗词之美#,戴从喜,89.6,98.75,70.75,60.75,59.25,68.05%,23.78%,5.78%,2.42%,0.0%
0065	,b0022014,四大名著鉴赏#,黄伟建,83.7,99.0,8.0,151.5,151.0,41.92%,32.83%,16.95%,6.68%,1.6%
0067	,b0022016,奢侈品概论,孙艳,83.6,93.5,55.5,76.0,75.0,11.9%,65.25%,13.45%,6.0%,3.4%
0071	,b0022022,篮球竞赛规则与裁判法,左坤,86.52,94.25,77.5,37.25,37.25,42.28%,56.45%,1.27%,0.0%,0.0%
0783	,b2041025,表现技法,张欣,78.3,86.33,62.0,15.0,15.0,4.53%,46.53%,41.13%,4.63%,3.17%
0338	,b2041099,设计构成(A),张欣,83.6,92.0,60.0,22.0,22.0,22.7%,63.6%,9.1%,4.5%,0.0%
0074	,b0022040,《史记》选讲,蔡巍,88.18,93.75,82.25,71.5,70.75,18.3%,81.7%,0.0%,0.0%,0.0%
0342	,b2041101,设计构成(B),张欣,84.55,95.0,66.5,21.5,21.5,30.55%,55.4%,7.0%,4.75%,2.25%
0159	,b2023031,公共关系语言与写作,李明,83.25,89.5,68.5,31.0,29.5,20.35%,71.25%,6.45%,1.9%,0.0%
1411	,b2023037,广告学,张辉,84.3,96.0,62.0,24.0,23.0,30.4%,39.1%,8.7%,13.0%,8.7%
0077	,b0022080,健身毽球,张伟,87.6,88.5,87.0,46.25,46.25,29.23%,70.78%,0.0%,0.0%,0.0%
0078	,b0022083,劳模精神与创新创业,经晓峰,84.15,96.25,40.75,47.0,47.0,31.17%,36.78%,21.8%,9.17%,1.05%
1109	,b2012077,射频电子线路,胡海江,76.0,96.5,41.0,59.0,57.5,12.05%,18.0%,30.2%,23.95%,15.8%
0080	,b0022099,当代流行文化与审美批判,吕峰,83.9,97.5,13.25,54.0,54.0,51.85%,34.38%,7.88%,2.22%,3.67%
0758	,b2041090,人体工程学,王渝柯,84.7,90.0,73.0,23.0,22.0,45.5%,40.9%,9.1%,4.5%,0.0%
0400	,b2041121,室内设计（A）,邹涛涛,74.5,90.0,40.0,23.0,23.0,8.7%,30.4%,34.8%,13.0%,13.0%
0404	,b2041126,室内照明设计,孙新平,74.6,93.0,36.0,23.0,23.0,21.7%,26.1%,21.7%,4.3%,26.1%
0084	,b0022108,翻译的艺术,孙仁杰,77.0,90.67,0.0,54.67,54.67,27.9%,48.5%,14.0%,3.13%,6.47%
0087	,b0022117,乒乓球竞赛规则与裁判法,朱亚云,83.8,95.5,37.5,19.0,19.0,61.3%,29.45%,2.1%,0.0%,7.15%
0089	,b0022121,中外广告鉴赏,陈青,88.43,95.0,70.67,75.0,72.0,32.63%,58.43%,6.6%,2.37%,0.0%
0091	,b0022123,大学生心理成长,潘婷婷,93.6,96.5,85.0,64.0,64.0,92.0%,8.0%,0.0%,0.0%,0.0%
0092	,b0022125,音话中国（音乐里的中国故事）,姜俊亮,87.1,99.0,22.5,47.5,47.5,22.2%,57.95%,16.65%,0.0%,3.2%
0094	,b0022127,大学生心理健康,李咨含,88.3,97.0,47.5,55.0,55.0,59.6%,38.1%,1.65%,0.0%,0.6%
1081	,b2012021,单片机原理与应用,宋绍京,62.5,89.0,29.0,50.0,46.0,0.0%,10.9%,15.2%,17.4%,56.5%
0098	,b0022132,英美影视语言与文化,程路,83.45,98.0,10.0,77.0,76.0,37.7%,53.75%,6.55%,0.0%,1.95%
0560	,b2012021,单片机原理与应用,顾阳,60.3,79.0,39.0,25.33,25.0,5.53%,6.37%,14.2%,8.93%,64.9%
0100	,b0022136,中国当代小说选读#,吕峰,88.55,99.5,16.5,103.0,103.0,70.1%,19.95%,2.65%,5.85%,1.4%
0102	,b0022138,东北亚国际关系史#,崔修竹,88.7,100.0,34.0,77.0,77.0,44.95%,18.2%,21.35%,9.25%,6.3%
0106	,b0022142,古希腊文明#,徐蕾,86.5,98.0,30.0,101.5,101.0,44.05%,24.55%,20.8%,9.75%,0.85%
0107	,b0022143,伟大的《红楼梦》#,陈实,89.65,96.0,81.5,74.0,74.0,73.85%,26.15%,0.0%,0.0%,0.0%
1621	,g2062121,工作分析与职业发展,外教英,85.05,99.5,24.0,37.5,38.0,57.55%,12.9%,19.25%,7.7%,2.65%
0132	,b0023001,艺术创想,侯林,86.2,92.5,76.25,25.75,25.25,53.58%,42.27%,4.17%,0.0%,0.0%
0133	,b0023002,艺术体验与表达,徐蕾,86.86,94.4,78.2,58.4,57.8,35.14%,60.78%,3.08%,1.0%,0.0%
0135	,b0023004,西方文学经典阅读,王世钰,84.27,95.0,60.75,53.25,53.25,16.15%,68.45%,7.0%,8.4%,0.0%
0257	,b2012070,软件工程概论,谭文安,67.53,92.67,32.0,68.67,66.67,6.43%,10.17%,15.63%,19.2%,48.6%
0139	,b0023008,细胞分子与生命,朱剑明,86.8,97.0,48.67,56.33,56.33,45.9%,43.97%,8.93%,0.53%,0.7%
0142	,b0023011,生活中的经济学,余垠,83.53,93.75,70.0,34.25,33.25,5.35%,48.67%,34.97%,10.97%,0.0%
0144	,b0023013,古代名著中的现代企业精神,陈实,89.95,97.75,75.0,58.25,57.0,72.2%,26.1%,0.68%,1.05%,0.0%
0145	,b0023014,哲学思辨,姜涛,81.5,96.33,36.33,61.67,61.33,31.93%,58.13%,7.73%,1.67%,0.53%
0333	,b2041094,设计表现技法,徐乔健,72.83,88.75,46.0,22.5,22.5,5.62%,34.53%,22.45%,19.97%,17.38%
0148	,g0061008,Flash动画制作,李可丰,73.22,93.5,50.25,48.75,44.5,5.18%,25.58%,34.88%,32.75%,1.55%
0151	,g0061017,团体心理辅导,马爽,84.9,97.0,0.0,58.0,58.0,28.75%,62.45%,6.25%,0.0%,2.55%
1113	,b2012084,数据结构与算法,贺海晖,65.85,89.0,30.0,62.5,59.5,0.0%,9.35%,14.0%,25.55%,51.1%
0161	,g0062023,《高等数学》基础C,王斌,80.4,91.0,46.0,22.0,22.0,40.9%,27.3%,18.2%,0.0%,13.6%
0923	,b2011049,工程力学I,李健,56.64,86.4,31.8,56.0,54.2,0.48%,3.88%,4.4%,17.26%,73.98%
1095	,b2012046,计算机组成原理,李斌,70.67,88.67,39.0,71.67,69.67,4.43%,15.2%,23.27%,15.7%,41.4%
0147	,b0023017,西方哲学名著导读,张璐,76.3,100.0,44.33,59.67,59.0,34.3%,22.47%,20.4%,10.57%,12.3%
1645	,g2062210,影响力与人际沟通,外教英,93.1,100.0,66.0,36.0,36.0,91.7%,0.0%,5.6%,2.8%,0.0%
0855	,b1080003,思想道德修养与法律基础,王道红,83.24,90.2,56.2,130.0,128.6,17.54%,53.18%,25.62%,3.36%,0.32%
0651	,b1080003,思想道德修养与法律基础,李敏,82.56,92.86,62.57,120.43,119.43,17.27%,50.0%,22.14%,7.99%,2.59%
0802	,g1080001,思想道德修养与法律基础,王道红,82.07,90.33,57.67,80.33,80.0,20.0%,50.33%,16.6%,8.97%,4.07%
0641	,b1080003,思想道德修养与法律基础,王世华,84.8,93.25,63.25,126.75,125.88,22.24%,54.54%,19.36%,3.36%,0.49%
0801	,g1080001,思想道德修养与法律基础,王世华,84.15,94.5,48.5,120.5,120.0,30.55%,44.8%,16.5%,7.65%,0.5%
0859	,b1080003,思想道德修养与法律基础,张冬冬,85.0,94.2,53.0,134.0,133.8,27.14%,46.76%,19.78%,4.94%,1.36%
0853	,b1080003,思想道德修养与法律基础,岳洪群,83.03,92.25,63.62,116.25,115.38,11.06%,46.95%,31.5%,8.61%,1.86%
0697	,b1080001,马克思主义基本原理,虞霞静,81.23,94.69,51.62,132.15,131.69,16.42%,27.01%,20.41%,17.75%,18.45%
0623	,b1080001,马克思主义基本原理,肖春燕,77.43,93.91,49.73,129.36,128.27,6.84%,22.05%,27.71%,24.42%,18.97%
0621	,b1080001,马克思主义基本原理,王永章,82.8,93.5,59.5,133.75,132.75,12.75%,46.92%,27.62%,10.7%,2.02%
1358	,b2030081,金融学,汤继平,75.55,96.25,49.25,85.0,84.0,2.75%,20.38%,30.93%,25.73%,20.23%
1356	,b2030081,金融学,叶尔肯拜・苏琴,78.47,91.0,55.0,49.5,47.5,4.62%,15.5%,22.97%,40.9%,16.02%
1360	,b2030082,经济法,秦宝燕,65.1,88.0,41.43,80.43,79.0,0.41%,4.21%,11.06%,22.07%,62.24%
1362	,b2030082,经济法,于彤,69.34,88.0,40.57,75.71,75.0,0.3%,11.26%,20.71%,21.06%,46.67%
1400	,b2030145,西方经济学,李军,68.37,90.33,47.67,50.0,49.67,0.57%,8.97%,12.6%,28.33%,49.47%
1396	,b2030145,西方经济学,郑国姣,52.53,69.33,35.67,67.0,66.33,1.17%,3.73%,8.93%,10.9%,75.27%
1397	,b2030145,西方经济学,贺书锋,74.05,92.0,50.0,19.5,19.5,9.45%,2.7%,4.05%,39.85%,43.9%
1792	,b2030159,应用统计学,王婉薇,75.78,92.75,38.0,74.75,72.25,1.85%,37.4%,22.23%,19.55%,18.98%
1407	,b2030159,应用统计学,田金梅,69.96,87.29,42.86,79.57,77.71,2.01%,8.67%,25.09%,31.7%,32.54%
1414	,b2030159,应用统计学,陈志刚,76.95,94.5,39.0,94.5,94.5,3.7%,19.3%,29.65%,23.2%,24.05%
1409	,b2030159,应用统计学,邵洲洲,66.15,78.5,42.0,25.0,24.0,1.1%,10.85%,6.5%,9.8%,71.75%
0175	,b1020002,通用英语II,蔡颖华,60.12,81.5,24.75,43.0,41.5,0.0%,0.5%,12.5%,20.15%,66.88%
0704	,b1080005,毛泽东思想和中国特色社会主义理论体系概论II,胡美新,82.3,93.14,57.86,127.57,125.86,3.07%,36.59%,35.76%,15.36%,9.19%
0869	,b1020004,通用英语IV,刘青青,69.97,88.67,27.67,42.67,42.33,1.63%,7.97%,29.33%,25.63%,35.4%
0367	,b2021009,高级英语II,洪世松,71.84,83.4,58.6,20.2,19.0,0.8%,9.3%,38.5%,42.58%,8.82%
0976	,b2011120,数控机床与编程,魏双羽,77.53,96.25,39.0,41.0,40.5,17.42%,26.48%,23.15%,13.6%,19.32%
0957	,b2011081,机械制造技术,王文霞,64.3,83.83,38.5,37.0,35.17,0.6%,3.65%,20.23%,19.82%,55.7%
0262	,b1100007,形势与政策（模块2）,刘文,86.76,91.56,79.33,76.33,73.78,6.86%,92.6%,0.14%,0.41%,0.0%
0266	,b1100007,形势与政策（模块2）,张冬冬,84.54,91.87,26.13,81.58,81.55,10.92%,84.08%,1.49%,0.36%,3.15%
0820	,b1100008,形势与政策（模块3）,颜妮,85.9,93.5,25.0,62.5,62.5,15.4%,81.6%,0.0%,0.6%,2.35%
0803	,b1100008,形势与政策（模块3）,张纪花,82.25,90.0,36.5,78.5,78.5,7.0%,70.65%,18.5%,3.2%,0.65%
0807	,b1100008,形势与政策（模块3）,刘柱,83.1,95.67,52.33,67.33,66.0,22.63%,58.13%,14.6%,3.37%,1.27%
0808	,b1100008,形势与政策（模块3）,王雪俏,82.67,94.33,65.33,82.33,82.33,25.93%,56.3%,12.93%,4.83%,0.0%
0810	,b1100008,形势与政策（模块3）,董弋欧,85.13,95.88,59.12,62.25,61.25,16.22%,69.77%,12.58%,0.31%,1.1%
0813	,b1100008,形势与政策（模块3）,乐晓蓉,75.85,92.0,31.0,54.0,54.0,10.7%,40.4%,33.45%,9.45%,5.95%
0805	,b1100008,形势与政策（模块3）,徐炜炜,84.58,94.17,46.17,70.0,69.83,31.23%,62.77%,3.42%,0.6%,1.97%
0846	,b1100009,形势与政策（模块4）,张天祺,76.75,90.0,60.0,84.5,84.5,4.75%,33.75%,50.85%,10.7%,0.0%
0848	,b1100009,形势与政策（模块4）,韩雪,84.04,93.0,28.4,60.0,59.6,5.66%,49.54%,36.82%,6.86%,1.12%
0838	,b1100009,形势与政策（模块4）,丁寒萌,77.88,92.6,23.4,76.4,76.0,4.92%,53.1%,28.82%,11.36%,1.84%
0844	,b1100009,形势与政策（模块4）,孙仁杰,74.88,92.25,15.0,66.25,66.0,13.83%,26.7%,51.15%,5.48%,2.8%
0840	,b1100009,形势与政策（模块4）,毛欣荣,86.41,93.25,57.38,67.62,67.5,12.89%,70.36%,15.92%,0.49%,0.34%
0842	,b1100009,形势与政策（模块4）,叶维明,82.4,92.17,31.67,64.17,64.0,15.08%,75.17%,6.27%,1.25%,2.23%
0836	,b1100009,形势与政策（模块4）,张建忠,85.34,91.86,38.57,76.14,75.57,1.16%,87.13%,8.34%,0.0%,3.37%
0223	,g2062211,情商提升与管理,外教英,88.1,98.0,0.0,37.0,38.0,92.1%,2.6%,0.0%,0.0%,5.3%
0903	,b2011003,ERP原理与应用,陈驻民,83.93,90.67,65.67,27.0,26.67,14.13%,72.33%,4.5%,7.2%,1.8%
0239	,b2011011,变频调速系统,徐洁,78.0,94.0,56.0,45.0,42.0,2.4%,16.7%,26.2%,45.2%,9.5%
0909	,b2011016,测试技术,安双利,69.1,97.0,14.0,47.0,47.0,12.8%,12.8%,19.1%,19.1%,36.2%
0910	,b2011019,成型机械及控制,肖艳红,67.85,90.5,44.0,36.0,35.5,0.0%,14.2%,9.8%,21.65%,54.4%
0912	,b2011022,冲压工艺及模具设计(CAD/CAE),田浩彬,76.8,93.5,45.0,36.5,36.0,5.7%,28.3%,22.3%,22.15%,21.5%
0827	,b2011031,电路,冯涛,57.15,85.5,29.5,65.5,63.5,0.0%,3.2%,6.95%,15.85%,74.1%
0915	,b2011032,电路设计制版,何成,82.83,88.33,75.67,43.33,43.33,31.13%,56.6%,11.7%,0.57%,0.0%
0916	,b2011035,电子商务,杨敬辉,79.6,93.0,65.0,45.0,45.0,11.9%,34.35%,28.7%,14.6%,10.45%
0917	,b2011037,发动机原理,梁彩平,75.25,97.0,32.0,65.5,63.5,9.1%,31.85%,18.1%,20.7%,20.3%
1896	,b1070013,男定向-1,邵国平,74.68,93.6,25.6,34.6,33.8,11.38%,29.6%,38.94%,15.68%,4.42%
0922	,b2011046,工程经济学,潘芳煜,81.05,100.0,50.5,29.5,28.5,27.7%,17.65%,21.5%,11.9%,21.25%
0946	,b2011077,机械设计,崔立,68.23,94.33,19.0,54.67,54.0,10.63%,16.87%,14.77%,16.33%,41.37%
1009	,b2011180,计算机辅助制造（UG）,蔡捷,77.0,92.5,61.0,44.5,44.0,17.9%,21.9%,30.9%,22.55%,6.75%
1014	,b2011192,项目管理入门,夏妍春,83.9,90.5,76.0,25.0,23.5,6.2%,64.65%,29.15%,0.0%,0.0%
1017	,b2011207,数控机床与编程,姚国强,77.05,93.5,42.5,26.5,24.5,6.0%,43.15%,22.65%,16.1%,12.05%
1025	,b2011258,机械设计3,张飞,84.1,95.0,66.0,26.5,25.0,5.85%,69.35%,22.95%,1.85%,0.0%
1029	,b2011279,管理成本会计,刘振超,64.7,91.0,36.0,77.0,76.0,0.0%,3.9%,3.9%,18.4%,73.7%
1032	,b2011284,管理信息系统,杨敬辉,70.5,94.0,47.0,76.0,75.0,1.3%,6.7%,10.7%,13.3%,68.0%
1036	,b2011291,计算机程序设计,杜万和,75.5,95.0,47.0,76.0,75.0,5.3%,20.0%,20.0%,32.0%,22.7%
1037	,b2011292,自动控制原理,张希靓,46.0,88.0,6.0,53.0,53.0,0.0%,0.0%,5.7%,3.8%,90.6%
1897	,b1070015,男花绳-1,郭洪光,77.22,96.17,0.0,35.0,35.0,15.32%,39.27%,37.15%,2.9%,5.4%
1044	,b2011308,机械制造基础,傅建钦,81.2,98.0,60.0,29.0,29.0,41.4%,20.7%,13.8%,20.7%,3.4%
0633	,b2011328,单片机原理及接口技术,王振华,77.9,97.0,61.0,33.0,32.0,6.2%,12.5%,53.1%,21.9%,6.2%
1066	,b2012002,DSP原理与应用（英语）,胡金艳,72.93,87.67,42.67,33.0,33.0,11.7%,17.67%,50.4%,14.1%,6.13%
1067	,b2012003,DSP原理与应用,戴虹,83.7,92.5,69.5,36.5,36.0,27.95%,42.75%,20.1%,9.2%,0.0%
1069	,b2012005,EDA技术与应用,戴虹,86.23,95.0,69.33,51.0,50.33,41.0%,52.53%,4.0%,1.97%,0.5%
1071	,b2012006,Java程序设计,唐姗,74.28,91.75,48.75,75.0,73.5,4.2%,9.82%,42.7%,40.7%,2.6%
1073	,b2012010,MudBox数字雕刻,郑磊,81.45,95.0,63.5,53.0,53.0,9.45%,36.95%,36.75%,16.8%,0.0%
1075	,b2012016,操作系统,朱彬,68.93,86.67,45.67,43.0,41.33,1.17%,13.2%,19.2%,25.23%,41.2%
0531	,b2012016,操作系统,张世明,74.9,93.5,40.0,63.0,62.5,3.05%,22.85%,29.15%,22.8%,22.1%
1077	,b2012017,测量技术与设备,王真星,84.0,94.0,80.0,24.0,23.0,13.0%,52.2%,34.8%,0.0%,0.0%
0251	,b1020035,大学化学,徐金球,66.72,87.67,29.44,39.78,39.44,0.28%,4.53%,21.96%,20.28%,52.94%
0069	,b2012022,电磁场与电磁波,胡海江,74.0,96.0,50.25,42.0,41.0,11.65%,7.88%,23.4%,31.6%,25.45%
0788	,b2041099,设计构成(A),张桂宜,80.3,88.67,69.0,15.0,14.33,13.1%,33.2%,45.93%,7.83%,0.0%
1086	,b2012031,光传输系统,王炼栋,80.1,96.0,63.0,33.0,33.0,13.9%,29.15%,29.45%,24.7%,2.8%
1087	,b2012032,光电检测技术,毛炼成,85.55,92.0,70.0,15.0,15.0,37.8%,51.6%,10.65%,0.0%,0.0%
1088	,b2012034,光通信基础,桂林,78.35,88.5,65.0,28.5,28.0,8.85%,57.25%,31.8%,2.1%,0.0%
1089	,b2012037,光纤通信系统,王建军,81.75,93.5,70.5,33.0,32.5,16.95%,32.15%,46.0%,4.85%,0.0%
1090	,b2012038,广域网接入技术,李蓓蓓,84.55,93.0,76.0,45.0,45.0,20.95%,59.7%,13.2%,6.1%,0.0%
1091	,b2012043,计算机体系结构,孔亮亮,68.3,92.5,25.0,72.0,72.0,5.8%,7.25%,15.5%,29.4%,42.05%
1093	,b2012045,计算机网络,姜存理,66.12,93.5,34.25,62.75,61.5,2.68%,14.32%,17.75%,21.75%,43.5%
1094	,b2012046,计算机组成原理,杨洁,60.63,87.0,27.33,79.67,78.33,1.1%,6.93%,14.47%,11.83%,65.7%
0533	,b2012046,计算机组成原理,黄丽佳,59.3,88.5,22.33,75.0,73.33,1.02%,6.02%,13.02%,19.47%,60.47%
1098	,b2012047,交互式数字媒体设计,施红,84.87,97.33,57.67,36.33,36.0,48.1%,18.8%,8.83%,17.03%,7.2%
1099	,b2012054,宽带接入技术及应用,桂林,77.3,89.0,66.0,28.5,28.0,4.7%,61.5%,31.8%,2.1%,0.0%
1100	,b2012058,面向对象分析与设计,王帅,67.87,86.67,34.67,32.0,31.33,0.77%,10.4%,32.3%,25.6%,31.0%
0829	,b2012061,模拟电子技术,蔡丽俊,73.5,98.0,31.0,40.0,40.0,22.5%,17.5%,7.5%,10.0%,42.5%
1102	,b2012063,嵌入式操作系统应用开发,崔莉莉,71.03,87.33,49.33,31.67,31.0,0.0%,5.97%,24.47%,37.77%,31.73%
1103	,b2012064,嵌入式软件开发技术,石林祥,70.8,96.0,32.0,46.5,45.5,6.55%,9.9%,18.6%,25.3%,39.65%
0293	,b2041017,包装结构设计,罗兵,83.6,90.0,65.0,24.0,24.0,4.2%,91.7%,0.0%,4.2%,0.0%
1108	,b2012074,软件项目管理,李丽萍,81.25,91.0,73.0,23.0,22.5,7.5%,49.1%,37.55%,5.9%,0.0%
0307	,b2041050,创意过程,田华,87.8,95.0,79.0,24.0,24.0,37.5%,58.3%,4.2%,0.0%,0.0%
0625	,b2012077,射频电子线路,柴郁,77.8,90.0,60.0,37.0,36.0,2.8%,41.7%,27.8%,19.4%,8.3%
1110	,b2012079,视听语言,吴嘉琪,78.45,92.0,69.5,54.0,54.0,6.1%,16.95%,76.95%,0.0%,0.0%
1335	,b2030047,国际贸易实务,陈琳,79.24,93.0,44.2,43.4,39.8,15.56%,31.46%,22.56%,18.36%,12.04%
1338	,b2030052,国际物流管理,景平,75.6,93.5,28.0,64.0,64.0,4.85%,24.2%,27.25%,23.5%,20.2%
0176	,b1020004,通用英语IV,夏轶韫,67.35,84.0,39.0,36.0,35.5,0.0%,3.0%,19.5%,24.75%,52.8%
1340	,b2030057,化工品包装运输与仓储管理,刘振超,79.0,92.5,60.0,28.0,28.0,9.1%,25.35%,32.55%,22.15%,10.85%
1341	,b2030060,会计学原理,唐海鸥,70.25,93.5,36.5,101.25,100.5,0.88%,15.85%,26.88%,16.2%,40.27%
1796	,b2030163,运营管理,李盈,66.77,85.75,37.25,64.5,63.75,1.55%,3.85%,9.88%,43.87%,40.85%
1347	,b2030061,会议组织与管理,曾学慧,75.63,85.33,43.0,33.67,32.33,25.53%,11.5%,40.27%,13.17%,9.57%
1349	,b2030065,会展广告策划与制作,田金梅,87.7,93.0,73.0,65.0,65.0,13.8%,84.6%,1.5%,0.0%,0.0%
1351	,b2030068,会展现场服务与管理,王尚君,84.75,91.0,74.5,50.5,44.5,12.5%,77.65%,9.85%,0.0%,0.0%
1354	,b2030076,计量经济学,赵迎东,70.82,92.0,38.0,51.2,50.0,3.38%,24.2%,20.18%,18.18%,34.06%
1355	,b2030079,金融机构信用管理,郑秀君,68.97,86.0,40.0,74.0,73.33,0.0%,7.83%,26.2%,28.07%,37.93%
0355	,b2011074,机械工程测试技术,杨淑珍,66.95,95.5,24.0,69.5,69.0,7.4%,17.35%,16.7%,27.65%,30.8%
0742	,b1020045,英语国家概况,李莉萍,78.07,89.25,63.0,44.25,43.5,3.9%,35.92%,37.4%,16.77%,5.97%
0325	,b1020052,交际英语,解曦,84.38,94.33,72.67,47.83,47.17,25.73%,52.37%,18.0%,3.85%,0.0%
1832	,b2030219,会展策划,辜应康,75.25,88.5,58.0,38.0,37.5,1.35%,12.05%,41.25%,25.2%,20.1%
1378	,b2030104,日语,裴峰学,79.5,95.0,48.0,28.0,26.0,15.4%,34.6%,23.1%,15.4%,11.5%
1379	,b2030105,商务沟通,庄伟,82.25,97.0,61.0,52.5,47.0,30.7%,27.15%,26.4%,8.55%,7.2%
1310	,b2030011,采购和供应链管理,李荷华,80.9,92.0,58.5,67.0,66.5,11.7%,42.55%,31.55%,9.1%,5.1%
1395	,b2030141,物流系统规划与设计,杨涛,83.15,91.0,71.5,92.0,92.0,12.45%,50.65%,36.9%,0.0%,0.0%
1412	,b2030159,应用统计学,羊英,68.5,89.5,33.0,56.0,55.5,1.2%,15.05%,13.95%,31.0%,38.75%
1794	,b2030161,数据可视化设计,陈建,79.87,86.0,67.33,23.33,23.33,11.2%,39.0%,46.6%,3.17%,0.0%
1795	,b2030162,运输管理,林慧丹,72.67,84.0,60.67,57.67,57.0,0.0%,0.37%,43.33%,18.0%,38.3%
1798	,b2030163,运营管理,尹诗,70.9,91.0,45.0,73.0,72.0,0.0%,5.6%,23.6%,25.0%,45.8%
1799	,b2030163,运营管理,杨涛,75.68,90.2,54.4,87.4,86.8,0.0%,20.42%,37.28%,28.44%,13.86%
1801	,b2030166,征信技术,李志军,67.13,80.67,48.67,77.33,76.0,0.93%,5.77%,15.8%,15.47%,62.03%
1803	,b2030167,证券投资理论与实务,汤继平,86.95,95.5,78.5,41.5,41.0,37.3%,61.45%,1.25%,0.0%,0.0%
0345	,b1020003,通用英语III,韩笑,69.67,88.0,42.0,46.5,45.5,1.02%,11.07%,26.73%,24.48%,36.7%
1806	,b2030176,会计学原理（全英文）,陶瑞翠,76.13,91.33,54.0,49.67,48.67,0.47%,17.6%,23.67%,17.27%,41.0%
0886	,b1020003,通用英语III,郑莉,74.55,87.0,61.75,47.0,46.75,0.53%,8.5%,32.23%,32.85%,25.9%
1809	,b2030177,运营管理（全英文）,马才巍,71.85,92.5,35.5,53.5,48.0,2.95%,11.45%,34.05%,22.0%,29.55%
1812	,b2030180,跨国公司财务（全英文）,王宁,78.4,86.0,66.5,21.5,19.5,4.15%,18.05%,68.05%,6.95%,2.8%
1814	,b2030181,商务沟通（全英文）,庄伟,87.2,95.5,62.5,42.0,40.5,39.45%,42.4%,11.9%,6.25%,0.0%
1816	,b2030189,投资组合管理,马克星,82.1,97.0,62.0,43.0,43.0,14.0%,44.2%,23.3%,16.3%,2.3%
1817	,b2030191,证券投资学,宋辉旺,75.95,93.5,53.0,43.5,43.5,6.85%,26.35%,31.1%,27.6%,8.15%
0628	,b1020035,大学化学,周玉林,69.65,90.55,43.4,40.7,40.1,0.87%,6.81%,14.17%,22.77%,55.39%
0282	,b2041002,3D MAX,梁超,78.8,92.0,61.0,20.0,20.0,5.0%,45.0%,25.0%,25.0%,0.0%
0630	,b1020035,大学化学,乔炜,68.87,90.0,45.94,40.56,40.12,0.62%,6.55%,15.15%,22.55%,55.09%
0295	,b2041022,编排设计,戴芳,81.5,91.0,69.0,21.0,21.0,9.5%,57.1%,28.6%,4.8%,0.0%
0299	,b2041031,产品测绘与结构设计,沈杰,81.6,92.0,52.0,21.0,21.0,23.8%,61.9%,0.0%,4.8%,9.5%
0304	,b2041040,产品设计工程学,刘哲,84.6,95.0,68.0,21.0,21.0,14.3%,52.4%,28.6%,4.8%,0.0%
0312	,b2041056,非线性编辑,严波,84.2,96.0,71.0,20.0,20.0,25.0%,50.0%,25.0%,0.0%,0.0%
0253	,b1020035,大学化学,朱剑明,68.65,89.5,44.5,41.0,40.25,0.6%,3.1%,13.55%,23.75%,58.97%
0318	,b2041070,家具设计,孙新平,82.2,93.0,69.0,21.0,21.0,9.5%,61.9%,23.8%,4.8%,0.0%
0323	,b2041073,建筑与室内设计史,王渝柯,84.7,96.0,60.0,21.0,21.0,28.6%,57.1%,9.5%,0.0%,4.8%
0326	,b2041078,角色造型设计,闫星,83.7,90.0,70.0,20.0,20.0,15.0%,70.0%,10.0%,0.0%,5.0%
0330	,b2041088,人机工程学,易莉,83.1,91.0,72.0,21.0,21.0,9.5%,76.2%,14.3%,0.0%,0.0%
0331	,b2041090,人体工程学,沈娅,83.0,92.0,70.0,21.0,21.0,14.3%,61.9%,23.8%,0.0%,0.0%
0335	,b2041095,设计创意思维与快速表达,刘哲,80.1,94.0,66.0,21.0,21.0,14.3%,23.8%,42.9%,19.0%,0.0%
0787	,b2041101,设计构成(B),张桂宜,78.85,94.0,61.5,22.0,22.0,9.1%,45.5%,22.7%,15.9%,6.8%
1112	,b2012084,数据结构与算法,施红,64.7,93.0,34.33,76.0,75.0,1.93%,7.9%,13.1%,14.87%,62.17%
1114	,b2012084,数据结构与算法,杨雯静,60.2,93.33,27.0,64.0,63.67,2.5%,6.7%,9.07%,16.7%,65.03%
1115	,b2012085,数据可视化,王帅,74.65,91.0,60.0,34.5,34.0,16.5%,22.2%,23.3%,38.0%,0.0%
1117	,b2012092,数据挖掘技术,陈方疏,79.9,99.0,10.0,85.0,84.0,32.1%,22.6%,10.7%,7.1%,27.4%
1898	,b1070017,男毽球-1,张伟,75.43,95.0,33.25,35.0,34.25,6.55%,33.83%,46.6%,8.68%,4.35%
0831	,b2012099,数字电子技术,石磊,67.54,87.4,39.6,49.6,48.1,6.64%,16.04%,15.86%,21.43%,40.03%
1123	,b2012101,数字图像处理,孙秋冬,77.95,96.5,51.0,36.5,36.5,11.95%,35.4%,35.2%,12.15%,5.3%
1126	,b2012110,统计软件的应用与开发,周汉平,72.05,97.5,48.0,34.5,34.0,16.3%,8.65%,20.65%,48.6%,5.7%
1127	,b2012112,网络安全,胡小明,72.03,91.0,39.0,46.0,45.67,3.73%,32.87%,12.43%,22.5%,28.47%
1129	,b2012114,网络存储与虚拟化技术,王见,79.6,91.0,61.0,53.0,52.0,7.7%,48.1%,44.2%,0.0%,0.0%
1131	,b2012117,网络管理,马闯,74.4,90.0,49.5,35.5,35.5,0.0%,20.0%,22.3%,34.95%,22.7%
1899	,b1070019,男篮-1,左坤,81.39,94.5,35.3,38.2,38.0,23.98%,50.06%,21.94%,1.58%,2.45%
1134	,b2012124,现代光交换原理,王炼栋,84.85,94.5,70.0,33.0,33.0,23.05%,55.3%,21.7%,0.0%,0.0%
1135	,b2012128,信号与系统,杨文博,73.95,93.5,52.0,33.0,33.0,11.95%,21.7%,25.3%,17.75%,23.35%
1137	,b2012129,信号与系统,张华,63.24,96.2,9.2,47.6,46.8,13.22%,14.12%,9.2%,15.78%,47.68%
0626	,b2012129,信号与系统,龚玉梅,71.75,95.0,30.0,39.5,37.5,17.25%,24.0%,13.35%,17.3%,28.1%
1138	,b2012130,信息光学,杨文博,77.75,92.5,60.5,33.0,33.0,11.95%,36.1%,25.55%,18.9%,7.5%
0627	,b2012131,信息论基础,郁海华,71.37,88.67,41.33,32.33,31.0,2.37%,11.9%,29.4%,22.1%,34.17%
1140	,b2012131,信息论基础,李蓓蓓,76.4,98.5,20.5,75.0,74.5,19.9%,25.05%,15.35%,16.7%,23.0%
1141	,b2012132,形态构成,张军利,85.6,91.5,76.5,54.5,53.5,8.45%,80.55%,11.0%,0.0%,0.0%
1142	,b2012133,虚拟现实,吴嘉琪,77.35,90.0,67.5,56.0,56.0,4.5%,10.7%,75.0%,9.8%,0.0%
1901	,b1070027,男乒-1,俞器良,74.07,90.0,21.33,36.0,36.0,4.63%,31.47%,43.5%,15.73%,4.63%
1145	,b2012144,游戏美工,郑磊,81.0,94.0,61.5,53.5,53.5,6.5%,40.75%,35.95%,15.8%,1.0%
1179	,b2012231,数据结构与算法,王娜,63.4,97.0,32.0,71.0,71.0,4.2%,5.6%,14.1%,14.1%,62.0%
1184	,b2013006,材料表界面,赵雪伶,77.4,93.5,62.0,25.0,25.0,17.5%,16.65%,23.35%,30.85%,11.65%
1223	,b2013084,现代环境法学,苏瑞景,86.4,96.5,75.5,20.5,20.5,43.25%,38.2%,18.5%,0.0%,0.0%
1945	,b1070031,男网-1,刘强,80.9,94.5,66.5,36.0,36.0,15.3%,37.5%,44.45%,2.8%,0.0%
1247	,b2021057,日语会话III,朱倩,81.95,93.0,60.5,36.0,36.0,16.8%,44.05%,33.8%,5.35%,0.0%
1248	,b2021058,日语外贸文书阅读与翻译,鲁峥,65.33,83.0,30.67,27.33,23.33,0.0%,1.0%,29.3%,32.23%,37.47%
1252	,b2021064,商务应用文写作,沈丽丽,66.07,78.67,53.0,22.0,18.67,2.07%,8.5%,19.33%,15.33%,54.7%
1253	,b2021065,笔译理论与实践II,徐菊,82.1,93.0,65.0,40.0,39.0,10.3%,41.0%,35.9%,10.3%,2.6%
1254	,b2021067,高级日语II,左文海,67.85,91.5,34.5,25.0,24.0,2.15%,10.0%,14.35%,35.9%,37.55%
1950	,b1070037,男羽-1,何春林,74.02,93.8,5.8,37.4,37.4,5.28%,35.12%,35.62%,18.74%,5.26%
1255	,b2021072,日语笔译实践II,"朱倩,马利中",73.9,87.0,63.0,25.0,24.0,0.0%,14.5%,41.75%,41.75%,2.0%
1261	,b2022007,风险管理,余垠,78.6,86.0,69.0,35.0,35.0,0.0%,54.75%,40.7%,4.55%,0.0%
1262	,b2022010,国民经济统计学,王瑞平,77.2,90.0,61.5,33.0,33.0,1.6%,19.35%,34.15%,31.15%,13.75%
1264	,b2022013,金融统计分析,李楠,89.5,99.0,77.0,33.0,33.0,48.5%,36.4%,15.2%,0.0%,0.0%
1265	,b2022018,数据挖掘,刘晓梅,84.3,98.0,60.0,33.0,33.0,18.2%,39.4%,30.3%,0.0%,12.1%
1267	,b2022026,应用多元统计分析,詹晓琳,65.58,85.25,32.75,27.5,27.5,0.65%,9.35%,9.5%,36.58%,43.9%
1268	,b2022027,应用回归分析,张宣昊,77.5,97.0,44.0,33.0,33.0,11.6%,35.6%,30.95%,12.55%,9.3%
1269	,b2022029,运筹学,范静,71.95,96.0,29.0,32.5,32.5,15.25%,25.9%,18.35%,7.8%,32.7%
1289	,b2023003,传播学,钱培,81.57,93.25,63.5,31.0,29.75,10.28%,44.65%,23.6%,14.93%,6.53%
1291	,b2023007,公共关系心理学,朱小麟,76.46,89.8,58.4,25.6,24.8,7.02%,19.46%,18.92%,33.28%,21.3%
0070	,b2023013,公关礼仪,王路,85.6,94.25,73.25,39.0,37.0,25.57%,68.28%,5.47%,0.68%,0.0%
1293	,b2023020,人际沟通,钱培,80.74,86.0,71.4,31.0,29.6,10.72%,58.02%,10.12%,20.58%,0.58%
0156	,b2023021,商务策划,张慧彬,83.62,90.25,73.0,39.0,37.25,3.3%,77.5%,18.52%,0.72%,0.0%
1299	,b2023037,广告学,陈青,82.4,95.0,66.0,38.0,36.0,19.4%,22.2%,33.3%,16.7%,8.3%
1303	,b2030003,财务分析,刘伟琴,77.16,89.6,56.2,47.8,46.6,6.18%,19.64%,45.9%,12.72%,15.54%
1308	,b2030007,财务管理,赵军红,69.7,87.0,45.0,32.0,32.0,0.0%,15.6%,12.5%,28.1%,43.8%
1309	,b2030009,财务会计Ⅱ,程立,63.5,87.0,36.0,69.33,67.67,1.0%,2.07%,9.2%,31.57%,56.13%
1311	,b2030012,参展实务,王胜英,80.8,94.0,59.0,83.5,79.0,7.25%,31.25%,40.95%,16.25%,4.25%
1315	,b2030031,高级商务英语,姚薇,78.75,91.5,45.5,85.0,80.5,0.65%,26.75%,44.25%,24.75%,3.7%
0366	,b1020003,通用英语III,吴小玲,66.53,88.67,36.33,45.0,44.33,0.0%,11.77%,13.87%,24.67%,49.73%
1318	,b2030033,公共关系学,徐爱萍,82.15,90.5,55.5,28.5,27.5,10.5%,54.5%,29.35%,3.6%,1.9%
1319	,b2030037,管理学,陶仁泉,66.35,85.25,33.5,81.25,79.25,0.0%,3.4%,18.0%,33.85%,44.72%
1321	,b2030037,管理学,肖智润,78.86,91.0,48.8,56.4,55.8,12.94%,31.66%,26.84%,20.12%,8.42%
1322	,b2030038,管理运筹学,陈志刚,81.4,99.0,50.0,20.0,19.0,26.3%,26.3%,21.1%,10.5%,15.8%
0889	,b1020003,通用英语III,解曦,72.7,90.75,47.25,48.0,47.5,1.57%,10.58%,33.35%,26.8%,27.73%
0796	,b2030040,国际货运代理,刘小卉,77.1,99.0,25.0,95.0,94.0,13.8%,18.1%,25.5%,19.1%,23.4%
1325	,b2030042,国际结算,张青,79.74,91.6,64.4,26.2,24.8,1.68%,39.32%,30.42%,17.9%,10.68%
0891	,b1020003,通用英语III,卢佼,71.7,87.75,51.0,50.0,49.75,0.0%,9.12%,26.7%,34.9%,29.27%
1328	,b2030043,国际金融学,汪宇瀚,74.08,90.2,49.0,65.8,65.2,3.16%,20.88%,35.06%,18.2%,22.7%
1629	,g2062165,交换技术,外教计应,86.37,98.67,49.33,40.0,40.0,58.13%,19.73%,21.27%,0.0%,0.87%
1630	,g2062166,路由技术,外教计应,86.23,98.67,49.33,40.0,40.0,56.5%,21.37%,21.27%,0.0%,0.87%
1632	,g2062173,企业网络规划与设计,外教计应,90.27,98.0,51.67,40.0,40.0,74.73%,5.7%,18.7%,0.0%,0.87%
1634	,g2062184,餐饮服务,外教酒,92.8,94.0,90.0,37.0,37.0,100.0%,0.0%,0.0%,0.0%,0.0%
1635	,g2062186,人员管理,外教酒,88.4,95.0,47.0,39.0,39.0,89.7%,7.7%,0.0%,2.6%,0.0%
1636	,g2062187,优质客户服务,外教酒,91.1,94.0,61.0,37.0,37.0,86.5%,8.1%,2.7%,0.0%,2.7%
1637	,g2062189,商务公关技能,外教会,83.15,92.5,36.0,37.0,37.0,38.15%,24.5%,34.7%,0.0%,2.65%
1638	,g2062195,展示设计,费洁,75.5,87.5,41.0,36.0,35.5,1.45%,21.1%,54.85%,18.25%,4.3%
1639	,g2062196,节事活动策划与管理,费洁,72.4,84.0,56.0,37.0,36.0,0.0%,19.4%,33.3%,41.7%,5.6%
1640	,g2062198,商务文件设计与制作,外教会,79.8,94.0,37.5,37.0,37.0,25.7%,16.2%,50.0%,6.75%,1.35%
1641	,g2062199,采购管理,外教会,79.4,92.5,0.0,37.0,37.5,22.35%,43.1%,27.85%,2.7%,4.0%
1642	,g2062206,国际结算,岑健,80.65,96.0,60.0,34.5,34.5,15.9%,28.85%,35.0%,13.05%,7.25%
1643	,g2062207,国际贸易实务,岑健,81.95,95.0,63.5,34.5,34.5,20.2%,31.85%,29.05%,18.95%,0.0%
1670	,g2063065,文学导论,易乐湘,83.2,95.0,68.0,60.0,60.0,16.7%,66.7%,13.3%,3.3%,0.0%
0358	,b1020066,大学物理C,物理实验课程组,78.23,90.11,23.58,87.16,86.84,2.88%,48.86%,39.08%,6.81%,2.36%
1654	,g2063054,学术英语阅读IV,华茜,70.88,92.5,44.75,36.5,36.25,4.7%,9.78%,20.2%,21.48%,43.82%
1653	,g2063054,学术英语阅读IV,周昕烨,70.12,86.83,51.17,26.33,26.0,1.97%,12.28%,21.23%,26.23%,38.33%
1660	,g2063056,英语沟通技能 IV,毛婷,73.68,89.5,48.5,29.5,28.75,3.65%,17.35%,22.18%,17.93%,38.88%
1663	,g2063062,英语语法与写作IV,王,70.75,90.0,53.0,35.0,35.0,1.45%,18.6%,15.7%,34.3%,30.0%
1664	,g2063062,英语语法与写作IV,王莹,74.8,92.0,60.0,41.0,41.0,2.4%,19.5%,24.4%,26.8%,26.8%
0411	,b2041138,印刷工艺,罗兵,83.75,90.0,80.0,22.5,22.5,6.55%,93.45%,0.0%,0.0%,0.0%
1677	,g2065003,操作系统安全,杨寅春,60.3,91.2,9.2,66.8,64.4,5.42%,9.72%,13.18%,20.18%,51.48%
1682	,g2065047,三维动画制作,李可丰,69.75,94.0,31.0,32.5,32.0,11.0%,17.3%,20.5%,15.75%,35.55%
1683	,g2065049,可编程序控制器,徐锋,63.55,97.5,15.0,55.5,54.0,12.85%,15.75%,14.85%,14.85%,41.75%
1685	,g2065055,接触镜验配技术II,李延红,77.85,99.5,60.5,34.5,34.5,15.5%,12.8%,19.05%,18.6%,34.05%
1686	,g2065067,程序设计与数据库基础,曾红兵,69.1,90.0,40.0,29.0,29.0,3.4%,13.8%,24.1%,20.7%,37.9%
1687	,g2065071,Java网络通信与数据库编程,熊小华,80.8,100.0,64.0,32.0,31.0,35.5%,19.4%,29.0%,12.9%,3.2%
1703	,g4061009,电气控制技术I,"张帆,冯丽平",81.45,91.0,58.5,37.0,36.5,20.15%,43.9%,22.85%,10.1%,3.05%
1709	,g4061032,交直流调速系统综合实训,冯丽平,82.2,93.5,69.0,37.0,36.5,21.4%,44.9%,30.6%,3.1%,0.0%
1747	,Y1020010,音乐欣赏,王婷娟,87.5,94.0,79.0,39.0,39.0,30.8%,66.7%,2.6%,0.0%,0.0%
1748	,Y1070002,体育II,卢黎东,81.5,99.0,64.0,39.0,39.0,23.1%,25.6%,43.6%,7.7%,0.0%
1749	,Y1080002,读懂上海,张冬冬,87.2,93.0,82.0,39.0,39.0,30.8%,69.2%,0.0%,0.0%,0.0%
1750	,Y1080004,形势与政策II,"王雪俏,丁寒萌",85.9,90.0,80.0,39.0,39.0,30.8%,69.2%,0.0%,0.0%,0.0%
1751	,Y1090002,计算机基础II,杨亮涛,82.7,98.0,60.0,39.0,39.0,30.8%,35.9%,7.7%,12.8%,12.8%
0524	,b2012129,信号与系统,徐弘萱,61.3,95.0,23.5,47.5,46.5,5.4%,9.35%,9.7%,18.2%,57.4%
0247	,b1020023,复变函数与积分变换,夏正威,72.88,98.2,35.4,79.0,77.8,12.56%,23.22%,24.44%,12.92%,26.88%
1136	,b2012129,信号与系统,郁海华,64.7,98.5,20.0,41.0,40.5,12.45%,15.9%,12.45%,9.95%,49.2%
1139	,b2012131,信息论基础,龚玉梅,71.2,94.0,43.0,36.5,36.5,5.2%,16.0%,25.6%,28.2%,25.05%
0260	,b2011090,控制工程基础,蔡智勇,66.5,87.0,38.33,46.33,45.67,0.6%,9.9%,18.77%,19.6%,51.17%
1207	,b2013053,环境工程CAD,张利,78.6,92.67,55.33,45.67,45.33,6.9%,28.17%,27.53%,22.37%,15.0%
1212	,b2013061,环境化学,管传金,65.35,93.0,33.0,31.0,30.5,1.6%,14.7%,6.5%,19.7%,57.55%
1221	,b2013080,物理化学,朱路平,67.75,94.0,36.5,32.0,31.5,8.35%,9.5%,17.85%,21.4%,42.85%
1228	,b2013093,有机化学,李秀丽,64.93,95.33,28.0,40.33,38.0,8.03%,14.5%,16.17%,9.43%,51.9%
1859	,b1020062,大学物理A(模块1),贾佑华,69.4,92.0,33.5,88.5,88.0,0.6%,13.1%,15.3%,24.25%,46.75%
0224	,b1020062,大学物理A(模块1),罗敏,68.5,87.0,39.0,89.0,88.0,0.0%,2.3%,20.5%,17.0%,60.2%
0256	,b1020062-,大学物理A(模块1),罗敏,67.4,90.5,41.0,60.0,58.5,6.25%,9.4%,13.9%,7.55%,62.9%
1982	,b1070075,武术-1,王聪,79.73,96.33,0.0,38.0,38.0,29.3%,32.03%,23.63%,10.53%,4.43%
0162	,b2011138,现代工程制图II,袁群,71.94,91.43,29.86,49.71,48.29,5.4%,18.69%,23.51%,33.84%,18.56%
0198	,b4011005,PLC综合实践,胡志华,75.91,94.38,41.88,28.5,27.62,24.21%,12.06%,28.11%,11.1%,24.5%
0200	,b4011020,电力电子电路装调实训,宋海辉,80.33,92.57,65.71,30.57,29.57,26.6%,29.81%,19.16%,15.03%,9.4%
0209	,b4011045,机床电气控制综合实践,崔蕾,75.81,89.88,45.88,27.75,27.12,20.29%,17.5%,18.48%,18.6%,25.15%
0211	,b4011061,交直流调速实践,徐洁,75.24,91.62,51.25,27.5,26.75,13.91%,18.75%,33.7%,17.84%,15.8%
0390	,b4011071,汽车设计课程设计,梁彩平,81.6,93.67,69.33,37.0,37.0,16.33%,51.07%,29.77%,2.83%,0.0%
0455	,b4011073,汽车装配工艺实习,张弦,84.03,90.0,74.0,37.0,37.0,13.1%,64.8%,22.1%,0.0%,0.0%
0213	,b4011084,数字应用电子电路装调实训,宋海辉,81.73,90.5,63.62,26.88,26.12,37.05%,25.85%,19.16%,9.7%,8.25%
0513	,b4013019,固体废弃物处理与处置实验,徐敏,81.87,93.67,62.0,35.0,35.0,18.73%,50.07%,18.17%,9.93%,3.13%
0520	,b4013040,仪器分析I,吴益华,83.07,94.33,73.67,25.67,24.67,9.63%,56.37%,29.83%,4.17%,0.0%
0450	,b4011056,机械设计课程设计,孙俊,83.25,95.0,66.0,43.5,43.0,3.9%,33.95%,54.85%,7.3%,0.0%
1242	,b2021043,第二外语（英语）II,梁雪,60.0,60.0,60.0,1.0,1.0,0.0%,0.0%,0.0%,0.0%,100.0%
0610	,b1050004,中国概况,姚若冰,84.73,87.0,82.0,4.33,4.33,40.0%,20.0%,40.0%,0.0%,0.0%
0368	,b2021013,基础英语II,吴黄知,84.6,96.0,66.0,30.0,29.0,20.2%,55.4%,17.1%,5.4%,1.9%
0615	,b1050010,基础汉语II,马思鸣,71.7,92.0,0.0,29.0,29.0,10.3%,27.6%,20.7%,17.2%,24.1%
0927	,b2011050,工程力学II,姜馨,63.48,88.75,41.75,60.75,59.75,2.82%,4.9%,5.6%,17.95%,68.67%
0925	,b2011050,工程力学II,王庆生,54.77,78.0,27.67,52.67,52.33,7.1%,3.83%,5.47%,7.7%,75.97%
0264	,b4012089,嵌入式系统设计综合训练（2）,"陈志毅,石林祥",76.13,92.67,64.67,38.33,38.33,8.13%,25.17%,28.9%,28.13%,9.73%
0478	,b4012003,Web项目课程设计,闫昱,76.28,92.25,44.0,54.5,54.5,3.03%,16.07%,40.25%,34.98%,5.75%
0558	,b4012040,嵌入式系统工程训练,胡金艳,73.7,88.67,46.67,31.0,31.0,12.33%,19.03%,36.57%,29.1%,2.97%
0118	,b0022158,工匠中国#,陈敏俐,88.4,92.0,86.0,23.0,23.0,73.9%,26.1%,0.0%,0.0%,0.0%
0997	,b1090001,基础工程训练,顾鸿良,84.6,91.5,73.5,35.5,35.0,50.0%,41.45%,7.15%,1.45%,0.0%
1784	,b2021015,基础英语IV,周洲,68.62,80.25,55.25,27.25,26.25,0.0%,1.93%,20.62%,41.02%,36.38%
0614	,b1100007,形势与政策（模块2）,常小勇,76.81,90.89,13.78,84.67,84.67,6.31%,67.51%,17.1%,3.82%,5.24%
0370	,b2021018,口译理论与实践,李竹君,85.79,92.86,77.0,28.29,27.14,11.07%,72.57%,16.37%,0.0%,0.0%
1787	,b2021019,跨文化交际,王录,82.42,88.0,76.8,23.0,22.8,18.3%,54.46%,27.24%,0.0%,0.0%
0373	,b2021020,美国文学史及选读,徐菊,82.29,93.33,65.0,27.0,25.67,15.06%,47.49%,25.14%,9.57%,2.74%
0375	,b2021022,商务沟通,李金凤,79.54,87.14,67.71,24.0,23.71,0.0%,46.14%,36.97%,15.1%,1.8%
0378	,b2021028,英语国家概况,王录,79.38,89.0,66.8,31.4,31.2,10.42%,40.02%,25.64%,8.92%,14.98%
1001	,b2011158,运筹学,白跃伟,75.23,90.67,58.33,22.67,22.0,34.3%,9.5%,9.1%,11.53%,35.53%
1902	,b1070031,男网-1,李婉榕,77.16,94.6,49.0,37.4,37.4,12.34%,35.38%,31.9%,18.38%,2.0%
1940	,b1070027,男乒-1,胡摇华,75.79,93.67,20.78,38.11,38.11,7.41%,37.07%,34.88%,17.71%,2.96%
1927	,b1070019,男篮-1,邓家平,76.55,94.73,27.18,38.18,37.91,12.91%,35.0%,34.03%,15.07%,2.97%
1904	,b1070039,男足-1,孙玮,72.15,95.0,0.0,38.5,38.5,9.9%,29.7%,33.15%,20.3%,6.88%
1906	,b1070055,女乒-1,董立红,85.08,93.5,71.33,38.83,38.5,21.77%,65.13%,12.68%,0.42%,0.0%
1455	,g0061011,计算机应用基础,杨亮涛,75.95,91.82,50.0,45.55,44.91,6.14%,17.83%,17.71%,37.06%,21.25%
0594	,g0061011,计算机应用基础,梁海英,74.6,91.5,48.25,65.75,65.25,1.95%,16.0%,22.85%,30.45%,28.75%
0587	,g0061011,计算机应用基础,毕烨,82.8,97.0,61.0,56.0,55.0,3.6%,40.0%,25.5%,12.7%,18.2%
0933	,b2011051,工程统计学,聂黎,72.5,97.0,31.0,28.0,26.0,15.4%,15.4%,15.4%,11.5%,42.3%
0934	,b2011055,工业机器人及应用,姚国强,76.9,91.6,54.2,29.6,29.6,12.6%,22.6%,39.6%,13.76%,11.46%
0936	,b2011058,供应链与物流管理,陈驻民,82.4,91.0,67.0,45.0,45.0,5.1%,43.8%,41.95%,7.15%,2.05%
0937	,b2011062,光电传感与检测,陈宝玉,76.3,91.5,62.0,42.0,39.0,3.85%,26.9%,41.05%,24.35%,3.85%
1907	,b1070059,女网-1,李婉榕,79.83,93.67,22.0,38.5,38.5,11.45%,45.2%,35.9%,5.73%,1.77%
0940	,b2011073,机械创新设计,张艳雷,85.5,96.0,73.0,23.0,23.0,47.8%,17.4%,26.1%,8.7%,0.0%
0356	,b2011074,机械工程测试技术,孙芳方,66.87,93.33,34.67,39.0,38.67,7.97%,18.3%,11.23%,18.97%,43.57%
0943	,b2011075,机械工程基础,蒋佳,60.2,82.67,31.67,20.33,19.67,0.87%,8.2%,3.67%,18.47%,68.83%
0944	,b2011077,机械设计,谢斌,73.78,96.4,36.2,41.4,40.4,17.82%,22.72%,16.72%,15.06%,27.72%
0357	,b2011079,机械原理,张艳雷,68.27,89.86,34.29,40.57,38.71,2.5%,5.8%,24.74%,24.29%,42.64%
0947	,b2011079,机械原理,吴俊,56.1,86.0,26.0,39.0,39.0,0.0%,5.1%,5.1%,12.8%,76.9%
0952	,b2011080,机械制造基础,蔡池兰,73.17,94.0,35.0,51.0,50.33,4.87%,15.5%,29.37%,21.13%,29.07%
0953	,b2011080,机械制造基础,李庆梅,65.1,87.5,31.0,38.5,36.0,0.0%,5.25%,17.0%,25.9%,51.85%
0958	,b2011081,机械制造技术,李宁,68.37,82.33,33.67,29.67,28.33,1.03%,12.37%,22.0%,13.9%,50.67%
0960	,b2011082,基础工业工程,伍小燕,66.1,86.0,48.0,31.0,30.0,0.0%,5.1%,9.6%,16.95%,68.35%
0963	,b2011090,控制工程基础,安双利,60.15,91.5,18.0,57.0,55.0,5.5%,10.95%,14.5%,15.5%,53.65%
0965	,b2011097,汽车底盘构造,张弦,66.0,95.5,22.5,66.0,65.0,4.85%,14.5%,13.85%,20.05%,46.75%
0966	,b2011099,汽车电器设备,周平,70.47,94.67,35.67,46.67,46.0,21.77%,11.73%,22.33%,16.73%,27.43%
0967	,b2011103,汽车设计,梁彩平,79.33,92.33,57.67,37.33,37.0,8.57%,22.73%,49.17%,10.83%,8.7%
0968	,b2011104,汽车生产过程控制,冯威,75.55,92.5,62.0,55.5,55.0,6.8%,21.6%,53.55%,17.3%,0.7%
0969	,b2011105,汽车试验学,林清芝,81.3,95.5,64.0,55.5,55.0,8.95%,39.8%,30.35%,20.9%,0.0%
1908	,b1070061,女武术-1,岳芳,81.74,92.83,54.67,37.0,37.0,14.25%,52.5%,28.93%,3.59%,0.71%
0972	,b2011117,数据库应用基础,刘凯,84.6,100.0,35.0,27.0,25.0,60.0%,16.0%,8.0%,8.0%,8.0%
0973	,b2011118,数据库原理与应用,吉敏,59.83,71.0,34.0,56.33,56.0,2.4%,16.87%,20.77%,16.2%,43.77%
0977	,b2011124,数字图像处理,秦琴,79.25,96.0,47.5,42.0,41.0,7.35%,25.6%,37.95%,15.85%,13.3%
1202	,b2013038,固体废弃物处理与处置,苏瑞景,81.2,91.0,59.67,20.67,20.0,9.27%,59.77%,18.07%,6.93%,5.97%
1909	,b1070065,女形-1,倪冬梅,81.85,92.17,67.5,37.17,37.0,8.57%,62.92%,25.33%,3.22%,0.0%
0677	,Y1020003,语文II,施勤,79.1,91.0,63.0,39.0,39.0,0.0%,41.0%,43.6%,15.4%,0.0%
0678	,Y1020005,数学II,沈国增,79.5,100.0,35.0,39.0,39.0,51.3%,7.7%,12.8%,7.7%,20.5%
0990	,b1090001,基础工程训练,蔡宝,85.4,91.71,76.0,33.71,33.71,50.04%,43.33%,5.14%,1.51%,0.0%
0989	,b1090001,基础工程训练,刘赛,84.53,91.33,69.67,27.67,27.67,51.27%,37.27%,9.7%,1.77%,0.0%
0999	,b1090001,基础工程训练,孙张驰,85.6,91.0,64.0,35.0,35.0,45.85%,41.25%,8.35%,2.9%,1.65%
1130	,b1090001,基础工程训练,蓝雪,84.1,93.25,56.0,33.75,33.75,65.45%,24.77%,7.92%,0.0%,1.85%
1151	,b1090001,基础工程训练,杨亮涛,86.01,92.27,73.47,34.73,34.53,69.91%,23.51%,4.63%,1.61%,0.35%
1177	,b1090001,基础工程训练,王巍,85.6,90.0,76.0,35.0,34.0,100.0%,0.0%,0.0%,0.0%,0.0%
0893	,b1020003,通用英语III,王翔,73.32,85.25,53.5,48.75,48.0,0.0%,12.03%,43.2%,23.97%,20.82%
0754	,b1090001,基础工程训练,毕烨,86.1,94.0,46.0,33.0,32.0,71.9%,6.2%,3.1%,3.1%,15.6%
1458	,g2061026,工程力学,蒋昌华,58.29,91.6,21.9,41.4,39.3,3.61%,6.6%,10.6%,10.52%,68.69%
1459	,g2065049,可编程序控制器,钱锐,58.47,94.5,10.5,45.0,41.75,10.73%,14.7%,7.07%,9.2%,58.25%
1463	,g2061037,机械设计基础,葛苏,63.1,92.5,11.0,46.5,43.5,7.65%,15.05%,20.05%,15.75%,41.5%
1464	,g2061084,数控机床伺服系统,陆成鹰,59.46,94.71,12.86,43.43,42.29,5.19%,16.64%,13.93%,17.43%,46.84%
0112	,b0022149,中国古代服饰文化,孙晨阳,84.3,99.0,44.0,78.0,78.0,28.2%,61.5%,9.0%,0.0%,1.3%
0113	,b0022150,电影中的悲剧美学#,姚若冰,85.0,99.0,30.0,119.0,118.0,56.8%,10.2%,22.0%,5.9%,5.1%
0115	,b0022154,外国电影史,任柯西,78.8,90.0,0.0,80.0,80.0,7.5%,87.5%,0.0%,1.2%,3.8%
0043	,b0021110,多媒体图像处理,毕烨,85.6,95.0,65.0,58.0,58.0,51.7%,32.8%,13.8%,1.7%,0.0%
0388	,b1020004,通用英语IV,吴越,74.3,85.5,53.5,40.0,40.0,4.3%,14.3%,24.95%,33.65%,22.85%
0046	,b0021116,家庭网络不求人,姚驰甫,80.8,92.0,64.0,58.0,53.0,5.7%,47.2%,32.1%,15.1%,0.0%
0387	,b1020004,通用英语IV,胡贞,76.05,89.0,54.5,41.5,41.0,3.85%,15.25%,44.55%,21.9%,14.45%
0047	,b0021118,“铁”的世界：冰与火之歌,陈帅,81.7,97.0,12.0,76.0,76.0,56.6%,36.8%,0.0%,0.0%,6.6%
0048	,b0021119,科学与烹饪,吴益华,84.5,96.0,75.0,81.0,79.0,20.3%,69.6%,10.1%,0.0%,0.0%
0097	,b0022130,网球竞赛规则与裁判法,刘强,88.0,96.0,84.0,23.0,23.0,26.1%,73.9%,0.0%,0.0%,0.0%
0016	,b0021029,公关心理学,朱小麟,84.2,93.0,3.0,79.0,78.0,41.0%,43.6%,11.5%,2.6%,1.3%
0701	,b1080005,毛泽东思想和中国特色社会主义理论体系概论II,郭灿希,82.8,91.86,60.71,136.29,135.29,2.87%,50.06%,28.97%,12.76%,5.3%
0696	,b1080005,毛泽东思想和中国特色社会主义理论体系概论II,朱树彬,80.27,93.14,42.43,117.29,115.71,15.4%,36.5%,23.43%,14.94%,9.73%
0661	,b1080005,毛泽东思想和中国特色社会主义理论体系概论II,刘文,80.45,94.5,46.5,100.5,93.0,11.1%,31.4%,30.75%,16.45%,10.25%
0707	,b1080005,毛泽东思想和中国特色社会主义理论体系概论II,毛天虹,84.68,93.0,65.75,140.75,139.5,19.57%,62.7%,14.5%,3.02%,0.17%
0895	,b1020003,通用英语III,刘畅,74.28,86.5,54.75,48.5,48.25,0.0%,14.55%,38.8%,26.4%,20.27%
0899	,b1020003,通用英语III,李莉萍,71.0,86.5,43.5,43.0,42.75,0.85%,7.65%,28.45%,35.15%,27.9%
0216	,b1020004-,通用英语IV,王世钰,74.8,94.0,60.0,39.0,38.0,2.6%,21.1%,18.4%,42.1%,15.8%
0901	,b1020003,通用英语III,王静,74.5,89.2,43.6,39.4,38.8,2.4%,13.92%,33.1%,25.72%,24.86%
0300	,b1020044,翻译理论与实践,郑莉,83.0,93.33,64.5,44.0,42.67,32.87%,30.0%,10.63%,25.72%,0.73%
0918	,b1020003,通用英语III,杨敏,76.0,91.5,56.5,48.5,47.5,0.0%,15.75%,44.05%,24.4%,15.75%
0930	,b1020003,通用英语III,梁雪,68.9,92.0,46.0,48.0,48.0,2.1%,10.4%,22.9%,27.1%,37.5%
0942	,b1020003,通用英语III,袁世平,73.83,88.0,43.33,46.33,45.33,0.67%,10.83%,40.53%,27.73%,20.2%
0393	,b1020047,旅游英语,王静,81.0,92.8,62.8,46.8,46.4,11.62%,41.12%,33.5%,10.98%,2.78%
0769	,b1020049,职场英语,王翔,79.34,93.2,61.4,45.6,45.0,7.72%,38.68%,35.2%,13.8%,4.54%
0861	,b1020054,英美影视文学与文化,刘青青,81.63,90.0,69.33,56.0,53.33,2.6%,43.9%,47.5%,5.97%,0.0%
0322	,b1020071,古希腊罗马神话,韩笑,77.35,94.0,48.0,49.5,47.75,10.45%,35.12%,29.88%,12.0%,12.53%
0753	,b1020088,雅思听力,王蕊娜,80.57,94.33,61.0,35.67,33.67,15.47%,50.8%,17.8%,12.33%,3.53%
0765	,b1020089,雅思阅读,李霜,79.8,93.0,57.5,23.0,21.5,13.6%,31.45%,16.8%,24.55%,13.6%
0314	,b1020044,翻译理论与实践,刘畅,74.55,89.5,61.25,36.0,35.75,1.05%,22.88%,34.3%,30.5%,11.28%
0772	,b1020045,英语国家概况,王卓,79.0,94.0,60.33,48.33,47.67,8.27%,34.97%,30.73%,19.07%,7.0%
0749	,b1020054,英美影视文学与文化,卢佼,80.52,92.17,62.33,49.67,49.0,13.33%,38.1%,34.63%,9.93%,3.98%
1618	,g2062110,风险管理,外教国,93.4,98.0,85.5,36.0,36.0,83.35%,16.65%,0.0%,0.0%,0.0%
0980	,b2011133,系统建模与仿真,王小刚,71.4,92.5,40.0,40.0,38.5,3.65%,14.6%,28.35%,23.3%,30.05%
1361	,g1060015-,大学英语III,黄花,66.3,86.0,35.0,42.5,41.25,0.55%,10.1%,19.72%,31.82%,37.78%
1376	,g1060015-,大学英语III,王剑瑶,64.5,87.5,29.0,47.75,44.75,0.0%,8.85%,16.18%,28.92%,46.08%
1380	,g1060015-,大学英语III,张庆,54.07,79.0,20.33,36.0,34.33,0.0%,1.2%,11.63%,26.6%,60.57%
1334	,g1060015,大学英语III,黄花,67.5,87.0,37.0,42.0,42.0,0.0%,7.1%,26.2%,26.2%,40.5%
0991	,b2011139,现代控制原理,张淑平,70.9,93.33,32.0,74.0,72.33,5.87%,19.5%,28.33%,21.3%,25.03%
0993	,b2011143,项目管理,夏妍春,84.47,94.33,71.33,55.0,54.33,10.07%,65.43%,21.57%,1.67%,1.27%
1147	,b2012150,运动规律,郑磊,79.7,93.5,49.0,54.0,54.0,1.85%,28.8%,34.4%,26.8%,8.15%
1148	,b2012151,正交频分复用光通信,桂林,82.2,89.0,70.0,17.0,17.0,0.0%,82.4%,17.6%,0.0%,0.0%
1150	,b2012161,离散数学,种田,75.6,93.5,46.5,40.5,40.0,4.15%,18.8%,27.55%,24.15%,25.4%
0539	,b2012164,物联网技术基础,王漫,71.67,90.0,46.0,57.33,56.67,4.67%,17.1%,32.1%,34.03%,12.13%
1152	,b2012173,扩展网络设计,左健存,79.9,96.0,65.0,49.0,48.0,14.6%,18.8%,37.5%,25.0%,4.2%
1158	,b2012196,无线网络技术,吴秀梅,70.9,88.0,52.0,79.0,77.0,0.0%,7.8%,35.1%,35.1%,22.1%
1162	,b2012201,人工智能基础,杨雯静,76.8,96.0,33.0,46.0,45.0,4.4%,31.1%,22.2%,22.2%,20.0%
1166	,b2012205,数据结构与算法（Java）,蒋文蓉,72.1,95.0,22.0,81.0,81.0,4.9%,35.8%,21.0%,19.8%,18.5%
1165	,b2012205,数据结构与算法（Java）,周汉平,70.87,92.0,31.33,56.0,55.33,1.43%,8.73%,30.33%,25.27%,34.27%
1169	,b2012211,互联网协议分析,姜存理,56.3,85.0,24.0,78.0,76.0,0.0%,1.3%,6.6%,17.1%,75.0%
1198	,b2013031,分析化学,邴乃慈,66.37,80.0,49.0,17.67,17.33,2.23%,3.7%,25.57%,20.73%,47.77%
1329	,g1060015,大学英语III,邵华,61.93,86.67,35.33,43.0,42.33,0.67%,2.03%,12.37%,25.6%,59.3%
1336	,g1060015,大学英语III,王剑瑶,64.55,86.5,31.5,45.0,44.0,0.0%,5.9%,14.55%,29.65%,49.9%
1364	,b2030084,酒店管理概论,夏诗漾,71.5,86.0,48.0,34.0,34.0,0.0%,5.9%,29.4%,38.2%,26.5%
1365	,b2030085,酒店会议服务与管理,徐爱萍,76.6,91.0,61.0,20.0,20.0,5.0%,35.0%,20.0%,15.0%,25.0%
1366	,b2030086,酒店客房服务与管理,徐菱苓,72.95,92.0,37.5,50.5,49.0,5.55%,17.75%,18.25%,34.2%,24.25%
1367	,b2030088,酒店收益管理,李盈,74.4,95.0,36.0,28.0,28.0,3.6%,14.3%,25.0%,46.4%,10.7%
1368	,b2030090,酒店英语,夏诗漾,76.6,89.0,60.0,28.0,27.0,0.0%,7.4%,48.1%,40.7%,3.7%
1369	,b2030092,跨国公司财务,史美霖,64.85,79.0,45.0,29.5,26.5,0.0%,7.0%,7.0%,11.0%,75.0%
1371	,b2030093,跨国公司财务,程立,73.05,93.5,46.5,54.0,54.0,7.7%,6.75%,21.35%,37.55%,26.65%
1373	,b2030096,框架开发技术,陈建,81.95,98.0,69.0,20.5,20.5,25.2%,53.25%,21.55%,0.0%,0.0%
1374	,b2030099,纳税筹划,王悌云,74.0,89.5,50.0,31.0,31.0,4.7%,26.3%,31.75%,15.8%,21.35%
1646	,g2062211,情商提升与管理,外教国,91.6,98.0,76.0,33.0,33.0,75.8%,18.2%,6.1%,0.0%,0.0%
1375	,b2030101,企业信用管理,肖智润,87.57,95.33,56.0,77.0,75.67,21.7%,61.97%,10.7%,3.57%,2.03%
1382	,b2030108,商务谈判与技巧,王尚君,84.4,90.5,66.5,84.0,79.0,8.05%,77.3%,14.1%,0.55%,0.0%
1385	,b2030113,商业银行业务,肖智润,86.4,95.5,64.5,79.5,78.0,28.7%,51.25%,17.55%,1.9%,0.65%
1386	,b2030117,审计,卞琳琳,72.07,89.67,46.0,74.33,74.0,0.87%,16.03%,39.8%,26.1%,17.27%
1390	,b2030130,网络营销,陈伟,73.4,89.33,51.33,83.67,83.67,0.4%,8.63%,36.7%,33.93%,20.33%
1405	,b2030154,信用评级,赵迎东,76.47,89.25,49.5,51.25,50.5,8.57%,30.75%,16.17%,34.45%,10.03%
1818	,b2030192,行为金融学,范涛,82.5,96.0,59.5,43.5,43.5,10.45%,36.85%,25.2%,19.5%,7.95%
1819	,b2030194,基金管理,邵运文,81.35,95.5,63.0,43.5,43.5,20.85%,33.5%,29.75%,9.1%,6.8%
1820	,b2030197,金融产品设计与营销,贺书锋,85.0,93.0,80.0,43.0,43.0,2.3%,74.4%,23.3%,0.0%,0.0%
1823	,b2030204,金融市场发展史,邵运文,78.4,94.0,60.0,23.0,23.0,8.7%,21.7%,30.4%,26.1%,13.0%
1824	,b2030207,酒店物品赏析,马振,87.9,95.0,81.0,20.0,20.0,30.0%,70.0%,0.0%,0.0%,0.0%
1833	,b2030220,会展营销,王胜英,80.4,94.0,59.0,76.0,75.0,4.0%,18.7%,41.3%,30.7%,5.3%
1834	,b2030221,展示设计与管理,朱斌,86.75,95.5,61.5,72.5,72.5,17.35%,64.5%,16.05%,2.1%,0.0%
1843	,b2030249,税法Ⅱ,陶瑞翠,80.8,95.0,64.0,32.0,32.0,6.2%,21.9%,46.9%,21.9%,3.1%
1778	,b2021006,第二外语（日语）II,徐利佳,86.04,96.2,64.8,33.4,31.4,41.64%,38.04%,11.52%,7.64%,1.14%
0406	,b2041131,图形设计,何丽萍,82.45,91.5,68.0,20.5,20.5,17.0%,53.8%,26.65%,2.5%,0.0%
0408	,b2041134,形态构成(B),杨光,84.15,90.5,70.5,20.5,20.5,2.4%,78.1%,19.5%,0.0%,0.0%
0413	,b2041143,原画设计,闫星,82.2,92.0,63.0,20.0,20.0,10.0%,65.0%,20.0%,0.0%,5.0%
1961	,b1070055,女乒-1,黄宁,82.0,94.0,49.33,36.0,36.0,12.93%,58.33%,25.93%,1.87%,0.93%
1964	,b1070055,女乒-1,朱亚云,82.28,94.12,52.5,38.62,38.62,11.49%,60.48%,26.04%,1.3%,0.69%
0430	,b2090002,电工与电子学,黄瑞,64.3,91.0,32.0,23.0,22.0,0.0%,4.5%,4.5%,22.7%,68.2%
0435	,b2090008,电路分析基础,刘亦萍,60.6,94.0,29.0,77.0,77.0,1.3%,6.5%,10.4%,9.1%,72.7%
0440	,b4011009,钣金成形原理与工艺课程设计,苑文婧,71.3,90.0,33.0,32.5,31.0,2.4%,23.95%,31.4%,32.75%,9.5%
0446	,b4011032,工业工程专业毕业实习与毕业设计（论文）,聂黎,76.6,84.0,70.0,43.0,43.0,0.0%,25.6%,74.4%,0.0%,0.0%
0451	,b4011056,机械设计课程设计,谢斌,70.43,86.17,65.17,36.83,36.33,4.28%,17.02%,14.07%,64.63%,0.0%
0456	,b4011078,生产计划与控制课程设计,伍小燕,83.35,91.5,73.0,40.0,39.0,3.5%,51.2%,43.9%,1.45%,0.0%
0459	,b4011100,质量管理与可靠性课程设计,潘芳煜,86.1,92.0,76.5,40.0,40.0,17.6%,70.25%,6.75%,5.4%,0.0%
0460	,b4011103,自动化专业毕业实习与毕业设计（论文）,胡志华,78.5,94.0,62.0,51.0,51.0,5.9%,35.3%,45.1%,13.7%,0.0%
0462	,b4011113,专业毕业设计（企业）,李宁,75.8,89.0,0.0,40.0,40.0,0.0%,40.0%,42.5%,15.0%,2.5%
0463	,b4011118,计算机数字控制（CNC）及实习,朱弘峰,84.3,95.0,68.0,26.5,25.0,27.2%,52.95%,15.45%,4.35%,0.0%
0464	,b4011123,机械工程（FH）专业毕业实习与毕业设计（论文）,蔡池兰,78.1,91.0,60.0,26.0,26.0,3.8%,46.2%,34.6%,15.4%,0.0%
0489	,b4012030,计算机网络课程实习,俞利君,73.62,90.25,44.25,28.25,27.5,22.4%,16.27%,20.8%,27.3%,13.2%
0490	,b4012040,嵌入式系统工程训练,宋绍京,81.4,93.5,56.0,39.5,36.5,13.9%,54.1%,17.55%,11.65%,2.75%
0491	,b4012045,软件工程专业毕业实习与毕业设计（论文）,李丽萍,77.0,91.0,60.0,129.0,128.0,7.0%,32.0%,46.9%,14.1%,0.0%
0493	,b4012049,三维动画设计实习,郑磊,80.2,95.0,61.5,55.5,55.5,3.6%,36.95%,47.8%,11.7%,0.0%
0495	,b4012060,数字媒体技术专业毕业实习与毕业设计（论文）,夏天,78.6,92.0,62.0,53.0,52.0,5.8%,48.1%,28.8%,17.3%,0.0%
0496	,b4012063,通信工程专业毕业实习与毕业设计（论文）,张华,74.9,90.0,60.0,67.0,67.0,3.0%,20.9%,61.2%,14.9%,0.0%
0497	,b4012066,网络工程专业毕业实习与毕业设计（论文）,马闯,78.8,92.0,61.0,54.0,52.0,11.5%,44.2%,30.8%,13.5%,0.0%
0498	,b4012074,信息与计算科学专业毕业实习与毕业设计（论文）,王安保,75.6,91.0,60.0,32.0,32.0,12.5%,31.2%,25.0%,31.2%,0.0%
0502	,b4012089,嵌入式系统设计综合训练（2）,王漫,77.3,92.0,66.0,41.0,39.0,15.4%,23.1%,48.7%,12.8%,0.0%
0508	,b4013002,材料化学专业毕业实习与毕业设计（论文）,于伟,82.4,93.0,65.0,27.0,27.0,11.1%,66.7%,18.5%,3.7%,0.0%
0511	,b4013006,大气污染控制工程实验,樊丽,87.1,94.0,75.5,30.0,29.5,40.05%,52.25%,5.75%,1.9%,0.0%
0514	,b4013020,固体废弃物废资源化实验,徐敏,81.8,93.0,61.0,30.0,30.0,16.85%,53.7%,18.7%,10.75%,0.0%
0515	,b4013021,环保设备工程专业毕业实习与毕业设计（论文）,关杰,81.8,92.0,71.0,25.0,25.0,12.0%,52.0%,36.0%,0.0%,0.0%
0516	,b4013025,环境工程专业毕业实习与毕业设计（论文）,高桂兰,80.6,95.0,0.0,63.0,61.0,11.5%,47.5%,29.5%,9.8%,1.6%
0522	,b4021012,英语专业毕业实习与毕业设计（论文）,吴黄知,77.23,83.33,71.0,39.67,39.67,0.0%,20.23%,77.8%,1.97%,0.0%
0663	,b4021017,日语口译实践II,金凤花,83.15,94.75,63.5,31.75,27.75,15.82%,42.62%,29.02%,7.33%,5.17%
0665	,b4021022,日语专业毕业实习与毕业设计（论文）,裴峰学,72.65,84.0,60.0,30.5,30.5,0.0%,17.7%,47.8%,34.5%,0.0%
0668	,b4021025,新闻视听说（经济类）,朱浩昱,85.47,96.67,69.33,27.67,24.67,26.33%,54.83%,12.17%,6.67%,0.0%
0672	,b4022009,应用统计学专业毕业实习与毕业设计（论文）,詹晓琳,76.2,90.0,65.0,37.0,37.0,8.1%,16.2%,59.5%,16.2%,0.0%
1850	,b4030007,财务管理专业毕业实习与毕业设计（论文）,卞琳琳,76.8,85.0,67.5,65.5,65.5,0.0%,40.4%,54.15%,5.45%,0.0%
1422	,b4030017,电子商务专业毕业实习与毕业设计（论文）,潘海兰,78.1,92.0,60.0,82.0,82.0,3.7%,36.6%,52.4%,7.3%,0.0%
1426	,b4030027,国际商务专业文档演示与制作,曾瑾,83.13,95.33,70.0,68.67,66.33,16.4%,56.5%,26.07%,1.0%,0.0%
1973	,b1070065,女形-1,顾秀华,78.02,94.0,48.8,35.6,35.6,7.3%,48.52%,33.46%,7.92%,2.8%
1430	,b4030036,会展经济与管理专业毕业实习与毕业设计（论文）,辜应康,82.8,93.0,70.0,77.0,77.0,5.2%,67.5%,27.3%,0.0%,0.0%
1433	,b4030053,理财电算化实践,李军,82.5,97.0,65.0,92.0,91.0,21.65%,33.95%,32.25%,10.95%,1.15%
1440	,b4030097,电子商务专业导论实践,潘海兰,84.65,94.5,39.5,79.0,79.0,19.25%,69.5%,10.0%,0.6%,0.6%
1443	,b4040001,产品设计专业毕业实习与毕业设计（论文）,林晨晔,78.1,92.0,64.0,18.0,18.0,16.7%,27.8%,33.3%,22.2%,0.0%
1444	,b4040002,环境设计专业毕业实习与毕业设计（论文）,徐峰,80.3,90.0,60.0,23.0,23.0,8.7%,52.2%,30.4%,8.7%,0.0%
1445	,b4040003,视觉传达设计专业毕业实习与毕业设计（论文）,萧泰,85.2,95.0,76.0,25.0,25.0,20.0%,68.0%,12.0%,0.0%,0.0%
1446	,b4040004,数字媒体艺术专业毕业实习与毕业设计（论文）,高德荣,87.2,93.0,78.0,20.0,20.0,25.0%,70.0%,5.0%,0.0%,0.0%
1447	,b4040006,工业设计专业毕业实习与毕业设计（论文）,袁和法,77.6,91.0,62.0,23.0,23.0,4.3%,47.8%,34.8%,13.0%,0.0%
1911	,b1070069,女羽-1,王培凤,80.15,92.67,57.17,38.17,37.83,5.4%,55.55%,34.83%,3.45%,0.8%
1450	,b4090002,基础工程训练 B,吴镝,84.2,91.25,60.75,32.75,32.75,11.1%,77.05%,10.3%,0.9%,0.65%
1895	,b1070011,健美-1,刘永智,73.07,95.67,20.0,36.67,36.67,11.73%,21.8%,28.2%,35.5%,2.7%
0472	,b1070083,健美-3,刘永智,77.97,95.67,20.0,35.33,35.0,32.2%,25.93%,19.13%,19.0%,3.73%
0473	,b1070088,男篮-3,唐威廉,79.36,94.83,31.5,37.0,36.42,20.62%,38.43%,30.67%,7.86%,2.42%
0604	,b1070091,男排-3,雷频,73.49,93.45,16.91,34.64,34.36,13.96%,27.23%,32.93%,20.68%,5.24%
1857	,b1070098,男足-3,从群,78.5,94.75,48.0,37.5,37.5,16.43%,33.77%,40.43%,6.6%,2.77%
1007	,b1070099,女定向-3,邵国平,80.05,94.17,50.67,38.67,38.17,15.9%,39.92%,35.08%,8.2%,0.9%
1015	,b1070101,女健-3,倪冬梅,83.17,92.67,68.83,35.5,35.0,14.78%,65.3%,18.03%,1.93%,0.0%
1024	,b1070104,女毽球-3,张伟,82.0,93.17,68.17,36.33,35.83,9.25%,60.88%,25.6%,4.28%,0.0%
1040	,b1070106,女龙-3,卢黎东,82.79,93.71,45.43,37.71,37.29,15.11%,63.4%,16.86%,3.46%,1.17%
1043	,b1070113,女游泳-3,胡雪祺,80.24,93.0,50.0,31.42,31.08,9.63%,52.61%,30.13%,6.56%,1.07%
1469	,g1020014,微积分A2,陆伟成,58.3,88.0,20.0,33.0,32.0,6.2%,15.6%,6.2%,6.2%,65.6%
1471	,g1020018,通用英语IV,张军,71.1,90.0,51.0,33.0,32.0,3.1%,9.4%,31.2%,34.4%,21.9%
1477	,g1060008,积分变换,高美娜,67.85,86.5,43.5,34.5,34.5,2.4%,6.35%,21.4%,27.75%,42.05%
1064	,b1070114,女羽-3,顾秀华,81.23,93.0,42.67,36.67,36.5,14.78%,58.6%,19.4%,6.32%,0.92%
1480	,g1060010,概率论,张倩,73.6,99.0,34.0,65.0,63.0,15.9%,12.7%,12.7%,20.6%,38.1%
1482	,g1060015,大学英语III,张庆,61.95,74.5,47.5,24.5,23.5,0.0%,1.1%,7.8%,66.65%,24.45%
1891	,b1070117,武术-3,蔡忠明,78.05,93.5,16.25,36.25,36.0,20.27%,36.88%,32.95%,7.03%,2.85%
1457	,b1070118,瑜伽-3,殷B,83.15,95.0,38.5,36.0,36.0,15.73%,65.28%,16.62%,0.95%,1.4%
1567	,g2061162,建设工程清单计价,傅红霞,55.15,85.0,29.0,43.0,42.0,0.0%,3.95%,4.8%,11.35%,79.85%
1569	,g2061164,建筑CAD中级,傅红霞,72.2,93.0,49.5,34.0,33.0,6.65%,13.05%,24.15%,17.2%,38.9%
1570	,g2061165,建筑材料,张锦京,67.85,90.5,25.0,36.0,35.0,1.45%,20.0%,18.6%,25.7%,34.3%
1572	,g2061171,建筑施工,张锦京,76.05,93.0,38.5,34.0,33.0,13.4%,31.7%,26.15%,17.3%,11.3%
1573	,g2061177,经济法概论,刘镇,84.8,92.0,71.0,29.0,29.0,10.3%,69.0%,20.7%,0.0%,0.0%
1575	,g2061180,经济学基础,段雪妍,78.8,96.0,39.0,35.0,34.0,14.7%,41.2%,8.8%,8.8%,26.5%
1576	,g2061182,跨文化交际,欧阳敏慧,93.5,100.0,87.0,21.0,21.0,52.4%,47.6%,0.0%,0.0%,0.0%
1577	,g2061183,零售企业经营管理,胡世涛,73.33,89.33,48.33,36.0,35.67,0.0%,7.43%,52.67%,29.43%,10.47%
1578	,g2061194,人力资源管理,刘岩,70.75,83.0,40.0,34.0,34.0,0.0%,11.15%,36.95%,28.3%,23.55%
1579	,g2061199,商务谈判,林逸仙,68.45,91.0,24.5,34.5,34.5,1.3%,19.75%,32.95%,37.6%,8.5%
1585	,g2061225,统计学原理,胡世涛,59.9,87.5,28.0,35.5,34.5,0.0%,2.8%,8.6%,17.3%,71.35%
1588	,g2061239,中韩互译,崔贞爱,83.0,96.0,48.0,21.0,21.0,33.3%,28.6%,23.8%,9.5%,4.8%
1589	,g2061241,中级韩语II,赵春虎,75.1,97.0,36.0,21.0,21.0,19.0%,23.8%,9.5%,38.1%,9.5%
1592	,g2061258,通信技术专业英语,邱勇平,72.9,94.0,48.0,32.0,32.0,6.2%,3.1%,37.5%,34.4%,18.8%
1593	,g2061259,数据库技术,张卫纲,72.2,80.0,60.0,32.0,32.0,0.0%,3.1%,65.6%,25.0%,6.2%
1603	,g2062002,安全卫生基础知识,陈家瑞,74.7,89.33,64.67,25.0,24.67,19.03%,31.87%,20.27%,6.3%,22.53%
1604	,g2062009,冲突管理,汪彦,77.1,82.5,75.0,18.0,18.0,8.55%,41.45%,50.0%,0.0%,0.0%
1605	,g2062010,存货管理,外教酒,89.5,97.0,52.5,36.0,36.0,80.95%,9.05%,2.5%,1.25%,6.25%
1606	,g2062024,顾客需求分析,刘镇,87.85,92.5,74.0,35.5,35.5,4.15%,93.15%,0.0%,2.7%,0.0%
1607	,g2062032,会议管理,外教会,78.85,95.0,0.0,38.0,38.0,25.9%,22.7%,35.95%,12.8%,2.65%
1608	,g2062041,基础会计,徐继红,86.0,95.0,57.0,24.33,23.67,33.37%,51.37%,4.67%,8.63%,1.9%
1609	,g2062049,客户服务管理,外教会,88.1,98.5,0.0,38.0,38.0,72.4%,22.4%,0.0%,1.3%,3.95%
1610	,g2062058,商务计划编制,岑健,84.45,93.0,75.5,36.5,36.0,20.75%,55.6%,23.65%,0.0%,0.0%
1611	,g2062059,商务英语翻译,易乐湘,79.6,91.0,64.0,37.0,37.0,8.1%,54.1%,24.3%,13.5%,0.0%
1612	,g2062071,消费心理学,汪彦,79.6,94.5,59.0,36.5,36.5,31.25%,20.5%,21.9%,13.8%,12.5%
1613	,g2062094,账簿记录,徐继红,77.05,98.5,5.0,38.5,38.5,42.65%,17.15%,9.35%,20.4%,10.4%
1614	,g2062102,国际商务专业英语阅读,王,75.35,95.5,39.5,35.0,34.5,8.7%,30.9%,24.75%,18.55%,17.05%
1616	,g2062104,海外客户关系,外教国,87.55,97.0,75.0,36.0,36.0,52.1%,19.45%,28.4%,0.0%,0.0%
1617	,g2062105,企业网络构建,外教国,86.65,96.0,75.0,36.0,36.0,48.0%,23.8%,16.65%,11.55%,0.0%
1619	,g2062117,会议管理,外教英,83.55,97.0,66.5,37.5,37.5,45.45%,17.4%,23.1%,10.25%,3.85%
1622	,g2062140,会展风险与安全管理,外教会,84.2,98.0,0.0,37.5,37.5,60.2%,16.05%,15.8%,4.0%,4.0%
1628	,g2062164,网络版权保护,外教计应,92.75,99.5,37.5,39.0,39.0,68.7%,22.5%,7.5%,0.0%,1.3%
1620	,b1070088,男篮-3,冯建立,77.9,95.67,4.0,34.67,34.67,15.37%,40.33%,36.57%,2.93%,4.8%
1774	,b1070088,男篮-3,秦宏连,76.7,94.33,22.0,34.67,34.67,14.47%,28.77%,38.5%,15.37%,2.87%
0789	,b1070097,男羽-3,何春林,75.9,94.67,20.33,36.83,36.83,9.0%,35.42%,37.2%,15.53%,2.88%
1004	,b1070098,男足-3,潘晓,77.08,95.0,0.0,37.0,36.83,21.0%,36.3%,26.38%,11.72%,4.55%
0244	,b1020022,离散数学,方红,73.05,93.0,20.0,96.0,94.0,11.5%,17.55%,20.3%,19.6%,30.95%
0243	,b1020022,离散数学,沈国增,74.88,90.4,34.2,62.8,62.0,13.88%,17.56%,25.58%,25.8%,17.18%
0619	,b1070122,体育IV（全英文）,刘永智,92.0,92.0,92.0,5.0,5.0,100.0%,0.0%,0.0%,0.0%,0.0%
1041	,b1070107,女乒-3,董立红,86.05,93.83,71.67,36.17,36.0,38.22%,48.05%,12.78%,0.92%,0.0%
1883	,b1070114,女羽-3,王骏杰,81.67,94.25,3.5,36.25,35.75,21.72%,53.12%,18.15%,4.2%,2.83%
1388	,b1070117,武术-3,王聪,78.18,94.8,17.6,37.2,37.2,12.18%,37.38%,39.78%,7.5%,3.18%
0620	,b1070096,男游泳-3,刘强,82.85,95.0,35.75,32.25,32.25,28.12%,51.85%,16.15%,1.55%,2.38%
0996	,b2011152,液压与气压传动,杨浩泉,66.54,92.8,33.2,61.0,59.2,1.84%,12.8%,17.76%,24.68%,42.92%
1003	,b2011166,自动化仪表与测量,古丽扎提・海拉提,82.4,99.0,36.0,58.0,57.0,24.6%,31.6%,24.6%,10.5%,8.8%
1188	,b2013022,大气污染控制工程,樊丽,78.5,93.0,59.67,22.0,21.33,10.93%,31.83%,27.13%,16.9%,13.17%
1194	,b2013024,科技论文写作与文献检索,于伟,84.6,93.0,72.0,45.0,43.0,16.3%,69.8%,11.6%,2.3%,0.0%
1195	,b2013026,电子产品有毒物质与防治,袁昊,82.05,90.0,77.5,18.0,17.5,19.65%,60.7%,19.65%,0.0%,0.0%
1199	,b2013032,封装材料与器件,朱路平,86.2,94.5,77.0,27.0,27.0,25.4%,67.95%,6.65%,0.0%,0.0%
1204	,b2013043,环保机械设计,周明远,77.0,94.0,52.0,30.5,29.5,2.95%,31.25%,20.95%,21.75%,23.1%
1205	,b2013049,环境材料,解丽丽,81.5,94.5,64.5,25.5,25.5,13.8%,41.45%,30.0%,14.75%,0.0%
1206	,b2013052,环境工程CAD,张利,77.7,91.5,61.0,30.5,30.0,2.85%,28.3%,29.45%,21.7%,17.7%
1210	,b2013057,环境工程微生物学,戴珏,89.28,95.8,74.8,34.2,33.0,50.06%,41.28%,8.36%,0.3%,0.0%
1211	,b2013058,环境工程原理,孙志国,71.52,89.6,43.6,29.8,28.2,5.0%,13.04%,42.66%,16.36%,22.94%
0686	,b2013061,环境化学,陈胜文,66.2,90.33,43.0,28.0,27.0,1.0%,11.37%,9.97%,27.4%,50.23%
1213	,b2013065,环境影响评价,樊丽,85.6,98.5,66.5,31.0,31.0,30.95%,48.8%,18.85%,0.0%,1.45%
1224	,b2013089,循环经济与清洁生产,梁波,86.6,91.5,79.5,34.5,33.5,8.15%,59.35%,32.5%,0.0%,0.0%
1781	,b2021009,高级英语II,王颖,77.7,96.0,55.0,43.0,41.0,12.2%,34.1%,22.0%,17.1%,14.6%
0365	,b2021009,高级英语II,樊小琴,76.63,91.0,60.67,33.0,31.67,4.17%,31.8%,21.87%,23.47%,18.7%
1782	,b2021011,国际贸易理论与实务,吴黄知,84.87,91.33,73.33,27.0,23.67,22.9%,67.3%,9.83%,0.0%,0.0%
1783	,b2021013,基础英语II,田华,82.07,92.0,70.33,32.33,32.33,8.27%,41.3%,39.3%,10.17%,0.97%
0369	,b2021015,基础英语IV,李竹君,74.17,80.67,67.0,20.0,19.67,0.0%,2.47%,47.97%,24.17%,25.37%
1785	,b2021016,教育心理学,樊小琴,81.5,89.0,69.0,36.0,34.5,0.0%,55.7%,31.55%,11.4%,1.4%
0372	,b2021019,跨文化交际,李金凤,86.45,92.5,71.5,28.5,27.5,36.9%,44.9%,14.6%,3.6%,0.0%
1790	,b2021021,商务翻译,田华,85.67,92.67,74.67,30.33,29.33,18.63%,64.83%,13.0%,3.57%,0.0%
0466	,b4011137,自动化专业(CDIO)毕业实习与毕业设计（论文）,胡志华,80.9,95.0,62.0,31.0,31.0,16.1%,38.7%,35.5%,9.7%,0.0%
0468	,b4011146,电气控制与可编程控制器实训,王素娟,78.9,99.0,4.0,44.0,43.0,37.2%,20.9%,27.9%,9.3%,4.7%
0471	,b4011164,服务机器人大赛,杜万和,82.8,90.0,75.0,19.0,19.0,21.1%,73.7%,5.3%,0.0%,0.0%
0476	,b4011241,企业认知实践（全英文）,杨敬辉,80.0,86.0,77.0,4.0,4.0,0.0%,100.0%,0.0%,0.0%,0.0%
0485	,b4012016,电子信息工程专业毕业实习与毕业设计（论文）,宋绍京,76.1,90.0,60.0,79.0,78.0,1.3%,37.2%,39.7%,21.8%,0.0%
0486	,b4012019,光电工程专业实习I,毛炼成,85.2,92.0,65.0,30.0,30.0,43.3%,40.0%,6.7%,10.0%,0.0%
0488	,b4012028,计算机科学与技术专业毕业实习与毕业设计（论文）,陈林,73.1,90.0,60.0,45.0,45.0,2.2%,20.0%,48.9%,28.9%,0.0%
1182	,b2013002,半导体材料、工艺及器件,赵雪伶,70.15,86.0,53.0,14.0,14.0,0.0%,18.75%,29.15%,18.75%,33.35%
1399	,g1060016,大学英语IV,周俐玲,75.73,90.0,55.33,45.33,45.0,1.9%,30.07%,31.57%,23.33%,13.1%
0998	,b2011152,液压与气压传动,贾立新,60.73,85.0,34.67,45.67,43.0,0.87%,3.87%,11.27%,20.0%,64.03%
0566	,g1090001,基础工程训练,顾鸿良,82.4,90.5,58.0,26.0,25.0,28.55%,55.2%,11.45%,3.35%,1.45%
1541	,g2010001,工程力学I,鲍俊,54.4,91.0,30.0,33.0,33.0,0.0%,9.1%,6.1%,6.1%,78.8%
1542	,g2061024,工厂电气控制技术,张帆,73.9,95.0,29.5,38.5,38.0,14.45%,27.1%,19.95%,20.55%,18.0%
1544	,g2061026,工程力学,朱娜琼,66.05,90.0,42.0,34.5,34.0,1.7%,7.7%,13.3%,17.15%,60.05%
1547	,g2061039,机械制造技术,朱娜琼,74.45,93.25,42.0,30.5,30.25,10.1%,16.3%,30.6%,17.62%,25.3%
1548	,g2061042,计算机辅助设计,林海晨,84.1,96.0,61.0,35.0,35.0,42.9%,22.9%,22.9%,5.7%,5.7%
1549	,g2061052,交直流调速系统,冯丽平,67.95,91.5,22.0,39.5,39.5,3.25%,14.8%,20.1%,28.05%,33.85%
1550	,g2061058,可编程控制器原理与应用,张帆,73.6,93.5,32.5,38.0,38.0,8.2%,28.9%,29.45%,12.35%,21.1%
1559	,g2061118,自动化检测与仪表,朱细敏,68.35,92.0,29.5,38.0,38.0,2.1%,10.85%,30.95%,31.65%,24.4%
1560	,g2061123,安装工程识图与施工,林成业,77.9,96.0,64.0,13.0,13.0,7.7%,23.1%,30.8%,30.8%,7.7%
1562	,g2061135,工程招投标与合同管理,张锦京,75.7,91.5,40.0,33.0,33.0,5.15%,34.2%,37.1%,13.65%,9.8%
1715	,g4061085,建材市场调查,傅红霞,78.4,88.0,67.0,30.0,30.0,10.35%,22.3%,49.6%,17.75%,0.0%
1717	,g4061098,商务礼仪,刘岩,77.35,87.5,65.0,34.0,34.0,0.0%,33.5%,44.65%,21.8%,0.0%
1718	,g4061108,手工算量实训,傅红霞,78.6,90.5,66.0,33.0,33.0,1.35%,38.45%,43.4%,16.7%,0.0%
1725	,g4062017,酒店管理专业顶岗实践,陈家瑞,88.7,95.0,80.0,30.0,30.0,46.7%,53.3%,0.0%,0.0%,0.0%
1729	,g4062024,会展专业实习I,汪彦,80.1,91.5,63.0,36.0,36.0,7.0%,55.55%,30.55%,6.9%,0.0%
1734	,g4065003,网络服务综合实训,刘琰,73.92,94.2,20.4,60.0,59.8,13.7%,22.74%,23.5%,25.06%,15.0%
1736	,g4065017,系统服务综合实训,徐晓林,67.33,99.33,2.0,61.33,61.0,38.53%,14.0%,10.7%,10.37%,26.37%
0153	,g0061022,影视制作技术,薛元昕,79.0,94.0,40.0,56.0,56.0,12.5%,75.0%,10.7%,0.0%,1.8%
0163	,g0062031,体育赛事赏析,马宇飞,90.0,95.0,77.0,100.0,100.0,60.0%,38.0%,2.0%,0.0%,0.0%
0088	,b0022119,俄语,王丽娟,91.0,97.0,77.5,65.5,62.0,59.3%,36.4%,3.55%,0.75%,0.0%
0242	,b2011039,风电场电气部分,宋海辉,78.0,88.5,43.5,12.0,12.0,26.15%,45.2%,4.75%,2.4%,21.4%
0919	,b2011041,风力发电技术,古丽扎提・海拉提,82.35,88.0,67.5,11.5,11.5,0.0%,77.25%,11.35%,9.1%,2.25%
0964	,b2011092,模具制造学,杨浩泉,66.25,79.5,51.0,20.0,19.5,1.35%,6.75%,22.95%,37.15%,31.75%
0219	,b1020013,概率论与数理统计,邱洋青,70.38,94.5,37.5,94.33,90.0,2.28%,9.18%,19.98%,23.18%,45.32%
1387	,b2030125,数据库应用基础,吴翠红,71.03,88.0,27.0,62.67,62.0,0.37%,8.2%,19.63%,37.23%,34.57%
0220	,b1020018,大学语文,黄伟建,80.0,80.0,80.0,1.0,1.0,0.0%,100.0%,0.0%,0.0%,0.0%
1404	,b2030153,信用风险分析与度量,赵迎东,70.6,93.67,39.67,60.0,59.0,5.9%,14.57%,24.3%,9.7%,45.53%
1342	,b2030060,会计学原理,史美霖,64.94,89.6,38.4,93.6,90.0,2.58%,6.84%,16.02%,18.86%,55.68%
0049	,b0021120,生命科学导论#,朱剑明,88.2,100.0,0.0,80.0,80.0,26.2%,35.0%,30.0%,6.2%,2.5%
0157	,g0062012,自我形象设计,邢菲君,83.55,96.75,51.5,40.5,39.5,18.17%,45.4%,23.15%,12.03%,1.23%
0799	,b4030058,商务数据应用平台实践,潘海兰,82.8,95.0,73.5,62.5,62.5,9.9%,57.25%,32.85%,0.0%,0.0%
0823	,b4090001,基础工程训练 A,李蓓华,79.7,88.0,64.5,33.0,33.0,0.0%,56.95%,36.65%,6.4%,0.0%
1435	,b4030058,商务数据应用平台实践,陈建,86.5,99.0,74.0,40.0,40.0,22.5%,67.5%,10.0%,0.0%,0.0%
2636	,b4090004,基础工程训练 D,严剑刚,85.1,90.5,75.0,21.0,21.0,14.55%,76.35%,6.8%,2.25%,0.0%
0206	,b4011031,工控组态软件实训,高顺富,79.7,92.75,65.75,35.25,34.75,11.1%,45.4%,37.77%,5.03%,0.72%
2633	,b2041026,材料与成型工艺,黎春辉,83.6,91.0,75.0,21.0,21.0,9.5%,52.4%,38.1%,0.0%,0.0%
0402	,b2041126,室内照明设计,姚,81.5,92.0,62.0,21.0,21.0,23.8%,42.9%,19.0%,14.3%,0.0%
0403	,b2041129,图案设计,王斯华,86.0,91.0,82.0,21.0,21.0,19.0%,81.0%,0.0%,0.0%,0.0%
0407	,b2041132,网页综合设计,杨光,82.8,90.0,79.0,20.0,20.0,15.0%,85.0%,0.0%,0.0%,0.0%
0001	,b0001012,工程经济与管理,潘芳煜,84.45,100.0,54.5,26.0,24.5,36.65%,18.35%,20.4%,8.15%,16.4%
1345	,b2030060,会计学原理,刘伟琴,74.4,92.0,38.0,87.0,86.0,3.5%,24.4%,20.9%,16.3%,34.9%
1357	,b2030081,金融学,郑秀君,69.2,86.5,42.5,100.0,99.0,0.0%,5.0%,21.65%,28.6%,44.75%
0030	,b0021088,数据库技术与应用技能,梁海英,76.1,90.5,6.0,24.5,24.5,0.0%,31.45%,38.2%,23.6%,6.7%
1296	,b2023033,政治学原理,余平,81.4,92.5,60.0,31.0,31.0,17.8%,30.95%,28.25%,7.55%,15.4%
0079	,b0022084,职业生涯与职业信用,经晓峰,84.57,97.33,54.33,55.67,55.67,33.03%,38.17%,11.8%,13.57%,3.43%
0138	,b0023007,化学与人类生活,王继芬,89.2,98.0,80.0,12.0,12.0,50.0%,16.7%,33.3%,0.0%,0.0%
0141	,b0023010,世界文明史,崔修竹,91.55,97.5,85.5,65.5,65.5,39.25%,60.75%,0.0%,0.0%,0.0%
0149	,g0061009,幸福心理学与生活,宋晓东,90.6,99.0,0.0,78.0,78.0,86.73%,8.1%,1.3%,1.43%,2.4%
1389	,b2030130,网络营销,马才巍,81.1,94.5,56.5,29.5,28.0,13.9%,28.35%,35.6%,20.2%,1.85%
0739	,b2013019,超级电容器材料与技术,李靖,83.6,92.0,75.0,21.0,21.0,14.3%,57.1%,28.6%,0.0%,0.0%
0812	,b1100008,形势与政策（模块3）,薛志鹏,79.8,91.0,67.0,85.0,85.0,2.4%,76.5%,21.2%,0.0%,0.0%
0379	,b2021039,英语语音学,周洲,81.7,87.0,76.17,26.67,26.67,19.82%,53.23%,10.28%,16.67%,0.0%
1403	,b2030152,信用法律与法规,秦宝燕,81.2,95.67,60.33,76.33,75.67,18.53%,31.67%,15.13%,18.4%,16.23%
0950	,b1090001,基础工程训练,万金贵,83.8,92.0,66.5,38.5,38.5,60.8%,32.6%,6.55%,0.0%,0.0%
1030	,b1090001,基础工程训练,祖英利,86.8,92.0,60.0,39.0,39.0,41.0%,51.3%,5.1%,2.6%,0.0%
0954	,b1090001,基础工程训练,李颖,85.1,92.0,35.0,40.0,40.0,55.0%,37.5%,5.0%,0.0%,2.5%
1536	,g1090001,基础工程训练,严剑刚,85.3,89.0,79.0,33.0,33.0,90.9%,9.1%,0.0%,0.0%,0.0%
0218	,b1020012,线性代数,刘丽丽,80.0,100.0,35.0,87.0,85.0,11.8%,36.5%,24.7%,9.4%,17.6%
0826	,b4090002,基础工程训练 B,祖英利,85.6,92.8,76.4,32.4,32.2,23.82%,67.26%,8.22%,0.68%,0.0%
0825	,b4090002,基础工程训练 B,李颖,84.13,92.0,66.33,37.0,37.0,14.43%,66.7%,15.33%,3.53%,0.0%
0824	,b4090002,基础工程训练 B,万金贵,85.2,92.0,76.5,36.5,36.5,6.8%,86.4%,6.8%,0.0%,0.0%
0935	,b2011056,工业自动化与机器人技术,王素娟,78.3,95.0,60.0,40.0,40.0,15.0%,27.5%,32.5%,25.0%,0.0%
0605	,b1030002,中国商务文化（全英文）,曾学慧,86.9,93.0,83.0,31.0,31.0,16.1%,83.9%,0.0%,0.0%,0.0%
0983	,b2011137,现代工程制图I,袁群,73.1,96.5,28.0,81.75,80.75,9.32%,32.0%,22.95%,15.47%,20.33%
0992	,b2011141,现代设计理论与方法,崔立,83.7,93.0,42.0,78.0,78.0,19.2%,59.0%,17.9%,2.6%,1.3%
0995	,b2011152,液压与气压传动,苑文婧,65.3,96.0,22.5,65.5,64.0,3.8%,12.8%,10.4%,17.85%,55.05%
1013	,b2011187,有限元分析,蒋佳,86.4,94.0,77.0,38.0,38.0,42.1%,57.9%,0.0%,0.0%,0.0%
1861	,b1090002,基础工程训练（全英文）,朱文华,79.35,84.0,75.5,18.0,17.0,0.0%,47.65%,50.6%,1.8%,0.0%
1678	,g2065008,数字媒体技术基础,薛元昕,75.4,93.0,51.5,45.5,45.0,3.25%,15.15%,37.95%,27.0%,16.6%
1679	,g2065031,高级WEB网站设计,林建华,64.95,99.5,30.5,36.0,35.5,11.05%,15.2%,12.75%,20.75%,40.2%
1680	,g2065034,应用妆饰艺术概论,张晓妍,93.1,97.0,88.0,34.0,34.0,55.9%,44.1%,0.0%,0.0%,0.0%
1681	,g2065035,应用服饰艺术概论,江洁,86.3,95.0,71.5,35.5,35.5,37.05%,56.0%,5.65%,1.35%,0.0%
1702	,g4061008,电路与电工技术实训,王志敏,72.55,92.0,60.5,31.0,30.75,10.57%,25.32%,20.97%,43.12%,0.0%
1215	,b2013068,计算材料学导论,王元元,76.0,91.0,53.0,16.0,16.0,12.5%,31.2%,6.2%,18.8%,31.2%
1222	,b2013081,物理化学,李文琴,69.7,86.0,43.33,29.33,29.33,0.0%,2.3%,17.2%,29.67%,50.8%
1271	,b2022035,财务管理,史美霖,77.7,91.0,45.0,33.0,33.0,15.2%,24.2%,30.3%,12.1%,18.2%
1312	,b2030015,程序设计基础（Java）,潘海兰,74.9,100.0,24.0,87.0,87.0,16.1%,16.1%,16.1%,16.1%,35.6%
1383	,b2030110,商务智能（双语）,羊英,80.7,92.0,42.0,53.5,53.5,6.9%,49.8%,34.15%,6.3%,2.85%
1402	,b2030150,信用保险,郑秀君,84.6,93.0,65.0,68.33,67.67,14.8%,62.47%,17.37%,4.13%,1.23%
1811	,b2030178,市场营销学（全英文）,张青,66.85,88.5,23.0,44.0,41.0,0.0%,10.9%,15.7%,25.55%,47.85%
0319	,b2041071,建筑初步,徐峰,80.1,94.0,64.0,21.0,21.0,23.8%,38.1%,14.3%,23.8%,0.0%
0670	,b4021031,日语专业职业导入课,赵枫,83.3,94.0,70.0,32.0,32.0,11.1%,35.95%,40.85%,12.1%,0.0%
1431	,b4030045,计量经济实践,赵迎东,74.75,92.5,39.0,83.0,81.5,18.35%,25.05%,27.45%,27.3%,1.8%
1568	,g2061163,建筑CAD初级,傅红霞,73.85,89.0,61.0,31.0,30.0,0.0%,1.7%,17.05%,42.0%,39.25%
1571	,g2061168,建筑构造,张锦京,66.3,92.0,33.0,36.5,36.0,6.85%,19.6%,12.6%,26.45%,34.45%
1626	,g2062161,数据结构,吴月萍,66.4,98.0,32.0,52.0,51.0,7.8%,5.9%,17.6%,13.7%,54.9%
0193	,g2062177,网络边界安全,外教计应,90.0,100.0,85.0,40.0,40.0,100.0%,0.0%,0.0%,0.0%,0.0%
0194	,g2062178,网络安全,外教计应,89.8,100.0,85.0,40.0,40.0,100.0%,0.0%,0.0%,0.0%,0.0%
0150	,g0061013,《高等数学》基础 A,王斌,76.6,92.0,29.0,79.0,78.0,5.1%,38.5%,30.8%,15.4%,10.3%
0158	,g0062020,中土世界--新西兰,史飞,82.05,97.5,65.0,60.0,58.5,18.25%,31.3%,46.9%,3.65%,0.0%
0012	,b0021019,计算机二级考（C/C++语言）A,姜存理,70.95,91.0,24.5,75.0,69.0,1.45%,10.85%,36.3%,29.65%,21.7%
0740	,b1020043,商务英语（中级）,杨敏,82.23,93.67,69.0,39.67,38.33,5.87%,52.17%,32.43%,9.5%,0.0%
1149	,b2012154,智能信息获取技术,杜奕,84.4,94.0,60.0,41.0,39.0,30.8%,35.9%,28.2%,5.1%,0.0%
0484	,b4012005,程序设计与实践,杨雯静,81.8,100.0,39.0,56.0,55.0,27.3%,20.0%,20.0%,16.4%,16.4%
0482	,b4012005,程序设计与实践,王安保,71.9,94.0,8.0,50.0,50.0,18.0%,32.0%,26.0%,14.0%,10.0%
0481	,b4012005,程序设计与实践,施红,79.0,98.0,56.5,19.5,17.5,19.75%,4.7%,9.4%,32.25%,33.85%
1082	,b2012021,单片机原理与应用,柴郁,70.35,92.0,34.5,40.5,38.0,5.95%,17.95%,27.75%,20.25%,28.05%
0160	,b2011138,现代工程制图II,伍晓榕,66.03,81.75,50.75,39.25,36.75,5.22%,11.22%,18.2%,28.5%,36.88%
1118	,b2012092,数据挖掘技术,王彤,72.2,89.0,26.0,74.0,72.0,2.8%,20.8%,25.0%,23.6%,27.8%
0465	,b1070010,保健班-4,王聪,57.4,60.0,0.0,49.0,49.0,0.0%,0.0%,0.0%,95.65%,4.35%
0606	,b1070092,男乒-3,黄宁,82.33,95.0,24.33,40.33,40.33,29.3%,40.13%,24.93%,3.2%,2.47%
0816	,b1100008,形势与政策（模块3）,褚鑫鑫,91.6,98.33,80.0,81.0,80.67,44.43%,40.63%,14.9%,0.0%,0.0%
1306	,b2030004,财务分析,卞琳琳,72.4,93.0,30.0,63.0,63.0,1.6%,25.4%,30.2%,20.6%,22.2%
1307	,b2030005,财务管理Ⅰ,王辉,63.1,93.0,30.0,127.0,125.0,3.2%,2.4%,19.2%,16.0%,59.2%
1314	,b2030018,第二外语II（日语）,徐利佳,84.7,98.0,62.5,35.5,32.5,30.1%,41.05%,16.0%,3.2%,9.6%
1398	,b2030145,西方经济学,胥丽,68.2,91.0,35.0,52.0,50.0,0.0%,14.0%,12.0%,16.0%,58.0%
1408	,b2030159,应用统计学,范涛,77.7,93.0,44.0,74.0,72.0,0.0%,6.9%,48.6%,25.0%,19.4%
1406	,b2030157,电子商务新技术,陈建,79.2,88.0,66.0,22.0,22.0,0.0%,31.8%,68.2%,0.0%,0.0%
1793	,b2030160,邮轮服务与管理,徐菱苓,63.7,92.0,26.0,28.0,26.0,0.0%,7.7%,0.0%,19.2%,73.1%
1804	,b2030175,西方经济学（全英文）,姚莉,74.1,90.0,44.0,54.0,53.0,7.5%,24.5%,30.2%,24.5%,13.2%
1821	,b2030199,数据模型与投资决策,胥丽,83.1,95.0,60.0,22.0,22.0,50.0%,36.4%,0.0%,13.6%,0.0%
0394	,b2041108,设计图学,袁和法,73.2,93.0,48.0,23.0,23.0,8.7%,17.4%,34.8%,17.4%,21.7%
1705	,g4061011,电气自动化技术专业毕业实践与制作,冯丽平,72.2,92.0,0.0,61.0,61.0,1.6%,19.7%,47.5%,29.5%,1.6%
1706	,g4061024,机电一体化技术专业毕业实践与制作,林海晨,74.4,84.0,60.0,51.0,50.0,0.0%,22.0%,58.0%,20.0%,0.0%
1707	,g4061027,机械制造与自动化专业毕业实践与制作,曾红兵,76.5,87.0,65.0,28.0,28.0,0.0%,39.3%,42.9%,17.9%,0.0%
1710	,g4061040,模具设计与制造专业毕业实践与制作,叶卫东,83.7,90.0,76.0,35.0,35.0,2.9%,77.1%,20.0%,0.0%,0.0%
1713	,g4061076,工商企业管理专业毕业实践与制作,胡世涛,77.5,87.0,65.0,39.0,39.0,0.0%,20.5%,53.8%,20.5%,5.1%
1716	,g4061087,建筑经济专业毕业实践与制作,傅红霞,78.8,89.0,69.0,35.0,35.0,0.0%,40.0%,57.1%,2.9%,0.0%
1722	,g4062001,国际商务专业毕业实践与制作,岑健,80.1,88.0,68.0,61.0,61.0,0.0%,60.7%,34.4%,4.9%,0.0%
1724	,g4062014,应用英语专业毕业实践与制作,毛婷,84.1,93.0,67.0,59.0,59.0,13.6%,67.8%,15.3%,3.4%,0.0%
1733	,g4065002,计算机应用技术专业（中高贯通）毕业实践与制作,吴月萍,78.5,91.0,32.0,74.0,74.0,2.7%,51.4%,33.8%,10.8%,1.4%
0376	,b2021026,英汉语言对比,王晓平,85.8,91.5,69.0,38.0,36.5,16.5%,65.65%,15.1%,0.0%,2.8%
0225	,b1020062,大学物理A(模块1),徐志华,70.2,98.0,35.5,83.0,82.0,5.5%,11.55%,21.95%,17.8%,43.2%
1854	,b1020062,大学物理A(模块1),高勇,72.05,97.0,35.0,81.0,79.0,4.4%,15.8%,17.15%,19.55%,43.15%
0229	,b1020062,大学物理A(模块1),王玉,72.15,98.0,39.5,79.5,79.0,3.8%,9.55%,16.4%,16.45%,53.8%
0232	,b1020063,大学物理A(模块2),徐成年,70.1,98.0,35.0,59.0,59.0,4.5%,12.9%,14.6%,24.15%,43.85%
0234	,b1020063,大学物理A(模块2),吕福和,76.7,97.0,47.0,86.0,85.0,8.75%,20.35%,21.3%,22.5%,27.0%
0231	,b1020063,大学物理A(模块2),贾佑华,72.0,99.0,44.5,86.5,86.0,4.2%,9.25%,17.65%,22.05%,46.85%
0536	,b1020063,大学物理A(模块2),占美琼,73.4,97.0,43.0,85.0,81.0,11.1%,13.6%,21.0%,18.5%,35.8%
1581	,g2061212,社区青年工作,李太斌,81.5,90.0,64.0,31.0,31.0,12.9%,54.8%,29.0%,3.2%,0.0%
1587	,g2061230,心理咨询,王石莹,80.9,95.0,65.0,31.0,31.0,16.1%,29.0%,32.3%,22.6%,0.0%
1625	,g2062160,操作系统,张卫纲,64.2,99.0,26.0,43.0,43.0,18.6%,16.3%,4.7%,9.3%,51.2%
0195	,g2062172,系统安全,外教计应,89.8,96.0,77.0,38.0,37.0,62.2%,35.1%,2.7%,0.0%,0.0%
1101	,b2012061,模拟电子技术,康亮,73.6,99.0,34.0,88.0,87.0,27.6%,17.2%,14.9%,10.3%,29.9%
1146	,b2012146,游戏设计与开发,庞艳霞,81.4,92.0,68.0,17.0,17.0,17.6%,35.3%,41.2%,5.9%,0.0%
1197	,b2013028,电子废弃物管理与资源化技术,"关杰,苏瑞景",77.3,88.0,65.0,27.0,25.0,0.0%,16.0%,40.0%,32.0%,12.0%
1250	,b2021061,日语阅读I,鲁峥,69.3,84.0,46.0,25.0,25.0,0.0%,8.0%,36.0%,36.0%,20.0%
0503	,b4012091,创新项目设计综合训练（2）,王漫,73.7,99.0,60.0,88.0,87.0,9.2%,20.7%,40.2%,29.9%,0.0%
0380	,b1020004,通用英语IV,李霜,75.6,92.5,50.0,65.5,64.5,5.55%,24.85%,33.95%,16.2%,19.45%
1323	,b1020002,通用英语II,夏飞飞,63.75,79.5,29.0,45.5,44.5,0.0%,0.0%,8.95%,26.95%,64.1%
1316	,b1020002,通用英语II,肖惠方,66.9,82.0,49.0,45.5,45.5,0.0%,1.1%,7.6%,28.5%,62.8%
0410	,b1020058,商务英语（初级）,夏飞飞,74.6,86.0,63.0,38.0,38.0,1.05%,10.15%,49.1%,32.3%,7.45%
0396	,b1020047,旅游英语,吴玲娟,85.7,95.0,69.5,55.0,54.0,17.8%,69.65%,11.15%,1.4%,0.0%
0422	,b1020048,面试英语,吴小玲,82.35,92.5,63.0,45.0,45.0,12.8%,49.7%,27.9%,9.6%,0.0%
1566	,g2061161,家庭社会工作,王石莹,83.1,93.0,67.0,31.0,31.0,22.6%,32.3%,35.5%,9.7%,0.0%
1449	,b4090001,基础工程训练 A,高琪,82.8,90.5,71.0,37.0,37.0,4.2%,75.5%,19.05%,1.25%,0.0%
0444	,b1070008,保健班-2,王聪1,56.55,60.0,0.0,43.5,43.5,0.0%,0.0%,0.0%,94.15%,5.85%
0443	,b4011022,电气CAD制图,徐涛,76.6,94.0,60.0,37.0,36.0,2.8%,25.0%,55.6%,11.1%,5.6%
1454	,b4090003,基础工程训练 C,吴飞科,86.7,90.0,67.0,21.0,20.0,15.0%,80.0%,0.0%,5.0%,0.0%
1453	,b4090003,基础工程训练 C,蓝雪,80.1,90.0,44.0,34.0,34.0,5.9%,61.8%,29.4%,0.0%,2.9%
0597	,g1090001,基础工程训练,李颖,84.1,91.0,56.0,36.0,36.0,72.2%,19.4%,5.6%,0.0%,2.8%
0822	,g1090001,基础工程训练,吴飞科,83.6,90.0,47.0,42.0,42.0,47.6%,28.6%,16.7%,7.1%,0.0%
1363	,b2030083,酒店餐饮服务与管理,端木海,77.7,91.0,56.0,29.0,29.0,6.9%,13.8%,27.6%,27.6%,24.1%
